Age,Attrition,Department,EmployeeNumber,Gender,JobRole,YearsAtCompany,MonthlyIncome,PerformanceRating
41,YES,SALES,1,FEMALE,SALES EXECUTIVE,6,5993,3
49,NO,RESEARCH & DEVELOPMENT,2,MALE,RESEARCH SCIENTIST,10,5130,4
37,YES,RESEARCH & DEVELOPMENT,4,MALE,LABORATORY TECHNICIAN,0,2090,3
33,NO,RESEARCH & DEVELOPMENT,5,FEMALE,RESEARCH SCIENTIST,8,2909,3
27,NO,RESEARCH & DEVELOPMENT,7,MALE,LABORATORY TECHNICIAN,2,3468,3
32,NO,RESEARCH & DEVELOPMENT,8,MALE,LABORATORY TECHNICIAN,7,3068,3
59,NO,RESEARCH & DEVELOPMENT,10,FEMALE,LABORATORY TECHNICIAN,1,2670,4
30,NO,RESEARCH & DEVELOPMENT,11,MALE,LABORATORY TECHNICIAN,1,2693,4
38,NO,RESEARCH & DEVELOPMENT,12,MALE,MANUFACTURING DIRECTOR,9,9526,4
36,NO,RESEARCH & DEVELOPMENT,13,MALE,HEALTHCARE REPRESENTATIVE,7,5237,3
35,NO,RESEARCH & DEVELOPMENT,14,MALE,LABORATORY TECHNICIAN,5,2426,3
29,NO,RESEARCH & DEVELOPMENT,15,FEMALE,LABORATORY TECHNICIAN,9,4193,3
31,NO,RESEARCH & DEVELOPMENT,16,MALE,RESEARCH SCIENTIST,5,2911,3
34,NO,RESEARCH & DEVELOPMENT,18,MALE,LABORATORY TECHNICIAN,2,2661,3
28,YES,RESEARCH & DEVELOPMENT,19,MALE,LABORATORY TECHNICIAN,4,2028,3
29,NO,RESEARCH & DEVELOPMENT,20,FEMALE,MANUFACTURING DIRECTOR,10,9980,3
32,NO,RESEARCH & DEVELOPMENT,21,MALE,RESEARCH SCIENTIST,6,3298,3
22,NO,RESEARCH & DEVELOPMENT,22,MALE,LABORATORY TECHNICIAN,1,2935,3
53,NO,SALES,23,FEMALE,MANAGER,25,15427,3
38,NO,RESEARCH & DEVELOPMENT,24,MALE,RESEARCH SCIENTIST,3,3944,3
24,NO,RESEARCH & DEVELOPMENT,26,FEMALE,MANUFACTURING DIRECTOR,4,4011,3
36,YES,SALES,27,MALE,SALES REPRESENTATIVE,5,3407,4
34,NO,RESEARCH & DEVELOPMENT,28,FEMALE,RESEARCH DIRECTOR,12,11994,3
21,NO,RESEARCH & DEVELOPMENT,30,MALE,RESEARCH SCIENTIST,0,1232,3
34,YES,RESEARCH & DEVELOPMENT,31,MALE,RESEARCH SCIENTIST,4,2960,3
53,NO,RESEARCH & DEVELOPMENT,32,FEMALE,MANAGER,14,19094,3
32,YES,RESEARCH & DEVELOPMENT,33,FEMALE,RESEARCH SCIENTIST,10,3919,4
42,NO,SALES,35,MALE,SALES EXECUTIVE,9,6825,3
44,NO,RESEARCH & DEVELOPMENT,36,FEMALE,HEALTHCARE REPRESENTATIVE,22,10248,3
46,NO,SALES,38,FEMALE,MANAGER,2,18947,3
33,NO,RESEARCH & DEVELOPMENT,39,MALE,LABORATORY TECHNICIAN,1,2496,3
44,NO,RESEARCH & DEVELOPMENT,40,MALE,HEALTHCARE REPRESENTATIVE,4,6465,3
30,NO,RESEARCH & DEVELOPMENT,41,MALE,LABORATORY TECHNICIAN,10,2206,3
39,YES,SALES,42,MALE,SALES REPRESENTATIVE,1,2086,3
24,YES,RESEARCH & DEVELOPMENT,45,MALE,RESEARCH SCIENTIST,2,2293,3
43,NO,RESEARCH & DEVELOPMENT,46,FEMALE,RESEARCH SCIENTIST,5,2645,3
50,YES,SALES,47,MALE,SALES REPRESENTATIVE,3,2683,3
35,NO,SALES,49,FEMALE,SALES REPRESENTATIVE,2,2014,3
36,NO,RESEARCH & DEVELOPMENT,51,FEMALE,RESEARCH SCIENTIST,1,3419,3
33,NO,SALES,52,FEMALE,SALES EXECUTIVE,5,5376,3
35,NO,RESEARCH & DEVELOPMENT,53,MALE,LABORATORY TECHNICIAN,1,1951,3
27,NO,RESEARCH & DEVELOPMENT,54,FEMALE,LABORATORY TECHNICIAN,1,2341,3
26,YES,RESEARCH & DEVELOPMENT,55,MALE,LABORATORY TECHNICIAN,1,2293,3
27,NO,SALES,56,MALE,SALES EXECUTIVE,9,8726,3
30,NO,RESEARCH & DEVELOPMENT,57,FEMALE,LABORATORY TECHNICIAN,12,4011,4
41,YES,RESEARCH & DEVELOPMENT,58,FEMALE,RESEARCH DIRECTOR,22,19545,3
34,NO,SALES,60,MALE,SALES EXECUTIVE,9,4568,4
37,NO,RESEARCH & DEVELOPMENT,61,MALE,RESEARCH SCIENTIST,1,3022,4
46,NO,SALES,62,MALE,SALES EXECUTIVE,9,5772,4
35,NO,RESEARCH & DEVELOPMENT,63,MALE,LABORATORY TECHNICIAN,1,2269,3
48,YES,RESEARCH & DEVELOPMENT,64,MALE,LABORATORY TECHNICIAN,1,5381,3
28,YES,RESEARCH & DEVELOPMENT,65,MALE,LABORATORY TECHNICIAN,2,3441,3
44,NO,SALES,68,FEMALE,SALES EXECUTIVE,4,5454,4
35,NO,RESEARCH & DEVELOPMENT,70,MALE,HEALTHCARE REPRESENTATIVE,4,9884,3
26,NO,SALES,72,FEMALE,SALES EXECUTIVE,2,4157,3
33,NO,RESEARCH & DEVELOPMENT,73,FEMALE,RESEARCH DIRECTOR,15,13458,3
35,NO,SALES,74,MALE,SALES EXECUTIVE,9,9069,4
35,NO,RESEARCH & DEVELOPMENT,75,FEMALE,LABORATORY TECHNICIAN,2,4014,3
31,NO,RESEARCH & DEVELOPMENT,76,MALE,LABORATORY TECHNICIAN,7,5915,4
37,NO,RESEARCH & DEVELOPMENT,77,MALE,MANUFACTURING DIRECTOR,7,5993,3
32,NO,RESEARCH & DEVELOPMENT,78,MALE,MANUFACTURING DIRECTOR,9,6162,4
38,NO,RESEARCH & DEVELOPMENT,79,FEMALE,LABORATORY TECHNICIAN,10,2406,3
50,NO,RESEARCH & DEVELOPMENT,80,FEMALE,RESEARCH DIRECTOR,27,18740,3
59,NO,SALES,81,FEMALE,SALES EXECUTIVE,21,7637,3
36,NO,RESEARCH & DEVELOPMENT,83,FEMALE,HEALTHCARE REPRESENTATIVE,17,10096,3
55,NO,RESEARCH & DEVELOPMENT,84,FEMALE,MANAGER,5,14756,3
36,NO,RESEARCH & DEVELOPMENT,85,MALE,MANUFACTURING DIRECTOR,6,6499,3
45,NO,RESEARCH & DEVELOPMENT,86,MALE,RESEARCH SCIENTIST,1,9724,3
35,NO,RESEARCH & DEVELOPMENT,88,MALE,RESEARCH SCIENTIST,3,2194,3
36,YES,RESEARCH & DEVELOPMENT,90,MALE,RESEARCH SCIENTIST,1,3388,3
59,NO,SALES,91,FEMALE,SALES EXECUTIVE,4,5473,3
29,NO,RESEARCH & DEVELOPMENT,94,MALE,RESEARCH SCIENTIST,5,2703,4
31,NO,RESEARCH & DEVELOPMENT,95,MALE,RESEARCH SCIENTIST,1,2501,3
32,NO,RESEARCH & DEVELOPMENT,96,MALE,RESEARCH SCIENTIST,10,6220,3
36,NO,RESEARCH & DEVELOPMENT,97,FEMALE,LABORATORY TECHNICIAN,1,3038,3
31,NO,RESEARCH & DEVELOPMENT,98,FEMALE,MANUFACTURING DIRECTOR,11,4424,4
35,NO,SALES,100,MALE,SALES EXECUTIVE,15,4312,3
45,NO,RESEARCH & DEVELOPMENT,101,MALE,RESEARCH DIRECTOR,0,13245,3
37,NO,RESEARCH & DEVELOPMENT,102,MALE,RESEARCH DIRECTOR,5,13664,3
46,NO,HUMAN RESOURCES,103,MALE,HUMAN RESOURCES,4,5021,4
30,NO,RESEARCH & DEVELOPMENT,104,MALE,LABORATORY TECHNICIAN,10,5126,3
35,NO,RESEARCH & DEVELOPMENT,105,MALE,RESEARCH SCIENTIST,6,2859,3
55,NO,SALES,106,MALE,SALES EXECUTIVE,1,10239,3
38,NO,RESEARCH & DEVELOPMENT,107,FEMALE,RESEARCH SCIENTIST,13,5329,3
34,NO,RESEARCH & DEVELOPMENT,110,MALE,MANUFACTURING DIRECTOR,5,4325,3
56,NO,RESEARCH & DEVELOPMENT,112,MALE,MANUFACTURING DIRECTOR,6,7260,3
23,NO,SALES,113,MALE,SALES REPRESENTATIVE,0,2322,3
51,NO,RESEARCH & DEVELOPMENT,116,MALE,LABORATORY TECHNICIAN,4,2075,4
30,NO,RESEARCH & DEVELOPMENT,117,MALE,HEALTHCARE REPRESENTATIVE,11,4152,3
46,YES,SALES,118,MALE,SALES EXECUTIVE,9,9619,3
40,NO,RESEARCH & DEVELOPMENT,119,MALE,HEALTHCARE REPRESENTATIVE,22,13503,4
51,NO,SALES,120,MALE,SALES EXECUTIVE,10,5441,4
30,NO,SALES,121,FEMALE,SALES EXECUTIVE,11,5209,3
46,NO,RESEARCH & DEVELOPMENT,124,MALE,HEALTHCARE REPRESENTATIVE,10,10673,3
32,NO,SALES,125,MALE,SALES EXECUTIVE,11,5010,3
54,NO,RESEARCH & DEVELOPMENT,126,FEMALE,RESEARCH DIRECTOR,4,13549,3
24,NO,SALES,128,FEMALE,SALES EXECUTIVE,3,4999,4
28,NO,SALES,129,MALE,SALES EXECUTIVE,5,4221,3
58,NO,SALES,131,MALE,SALES EXECUTIVE,37,13872,3
44,NO,RESEARCH & DEVELOPMENT,132,MALE,LABORATORY TECHNICIAN,3,2042,3
37,YES,HUMAN RESOURCES,133,MALE,HUMAN RESOURCES,3,2073,4
32,NO,RESEARCH & DEVELOPMENT,134,MALE,RESEARCH SCIENTIST,1,2956,3
20,YES,RESEARCH & DEVELOPMENT,137,FEMALE,LABORATORY TECHNICIAN,1,2926,3
34,NO,RESEARCH & DEVELOPMENT,138,FEMALE,RESEARCH SCIENTIST,16,4809,3
37,NO,RESEARCH & DEVELOPMENT,139,MALE,HEALTHCARE REPRESENTATIVE,1,5163,3
59,NO,HUMAN RESOURCES,140,FEMALE,MANAGER,3,18844,4
50,NO,RESEARCH & DEVELOPMENT,141,FEMALE,RESEARCH DIRECTOR,8,18172,3
25,YES,SALES,142,MALE,SALES EXECUTIVE,6,5744,3
25,NO,RESEARCH & DEVELOPMENT,143,MALE,RESEARCH SCIENTIST,2,2889,3
22,NO,RESEARCH & DEVELOPMENT,144,FEMALE,LABORATORY TECHNICIAN,0,2871,3
51,NO,RESEARCH & DEVELOPMENT,145,FEMALE,HEALTHCARE REPRESENTATIVE,13,7484,4
34,YES,RESEARCH & DEVELOPMENT,147,MALE,LABORATORY TECHNICIAN,9,6074,4
54,NO,HUMAN RESOURCES,148,FEMALE,MANAGER,5,17328,3
24,NO,RESEARCH & DEVELOPMENT,150,MALE,LABORATORY TECHNICIAN,5,2774,3
34,NO,RESEARCH & DEVELOPMENT,151,FEMALE,RESEARCH SCIENTIST,1,4505,3
37,NO,SALES,152,MALE,SALES EXECUTIVE,5,7428,3
34,NO,RESEARCH & DEVELOPMENT,153,FEMALE,MANAGER,11,11631,3
36,NO,SALES,154,FEMALE,SALES EXECUTIVE,9,9738,3
36,NO,RESEARCH & DEVELOPMENT,155,FEMALE,LABORATORY TECHNICIAN,1,2835,4
43,NO,SALES,158,MALE,MANAGER,25,16959,3
30,NO,RESEARCH & DEVELOPMENT,159,MALE,RESEARCH SCIENTIST,10,2613,4
33,NO,SALES,160,MALE,SALES EXECUTIVE,7,6146,3
56,YES,RESEARCH & DEVELOPMENT,161,FEMALE,RESEARCH SCIENTIST,5,4963,3
51,NO,RESEARCH & DEVELOPMENT,162,MALE,RESEARCH DIRECTOR,20,19537,3
31,YES,SALES,163,MALE,SALES EXECUTIVE,7,6172,3
26,NO,RESEARCH & DEVELOPMENT,164,FEMALE,RESEARCH SCIENTIST,5,2368,3
58,YES,RESEARCH & DEVELOPMENT,165,FEMALE,HEALTHCARE REPRESENTATIVE,40,10312,3
19,YES,SALES,167,MALE,SALES REPRESENTATIVE,0,1675,3
22,NO,RESEARCH & DEVELOPMENT,169,MALE,LABORATORY TECHNICIAN,2,2523,3
49,NO,RESEARCH & DEVELOPMENT,170,FEMALE,MANUFACTURING DIRECTOR,15,6567,3
43,NO,RESEARCH & DEVELOPMENT,171,FEMALE,RESEARCH SCIENTIST,3,4739,3
50,NO,SALES,174,FEMALE,SALES EXECUTIVE,2,9208,3
31,YES,SALES,175,FEMALE,SALES EXECUTIVE,2,4559,3
41,NO,SALES,176,MALE,SALES EXECUTIVE,9,8189,3
26,NO,HUMAN RESOURCES,177,FEMALE,HUMAN RESOURCES,8,2942,4
36,NO,RESEARCH & DEVELOPMENT,178,MALE,MANUFACTURING DIRECTOR,3,4941,4
51,YES,RESEARCH & DEVELOPMENT,179,MALE,MANUFACTURING DIRECTOR,4,10650,3
39,NO,SALES,182,FEMALE,SALES EXECUTIVE,15,5902,3
25,NO,SALES,183,MALE,SALES EXECUTIVE,2,8639,3
30,NO,HUMAN RESOURCES,184,MALE,HUMAN RESOURCES,11,6347,3
32,YES,RESEARCH & DEVELOPMENT,190,FEMALE,LABORATORY TECHNICIAN,5,4200,4
45,NO,RESEARCH & DEVELOPMENT,192,MALE,RESEARCH SCIENTIST,6,3452,3
38,NO,RESEARCH & DEVELOPMENT,193,FEMALE,RESEARCH SCIENTIST,3,4317,4
30,NO,RESEARCH & DEVELOPMENT,194,FEMALE,RESEARCH SCIENTIST,5,2632,3
32,NO,SALES,195,MALE,SALES EXECUTIVE,8,4668,3
30,NO,RESEARCH & DEVELOPMENT,197,FEMALE,RESEARCH SCIENTIST,3,3204,3
30,NO,RESEARCH & DEVELOPMENT,198,MALE,LABORATORY TECHNICIAN,5,2720,3
41,NO,RESEARCH & DEVELOPMENT,199,MALE,MANAGER,7,17181,3
41,NO,RESEARCH & DEVELOPMENT,200,MALE,LABORATORY TECHNICIAN,5,2238,4
19,NO,RESEARCH & DEVELOPMENT,201,FEMALE,LABORATORY TECHNICIAN,1,1483,3
40,NO,RESEARCH & DEVELOPMENT,202,FEMALE,RESEARCH SCIENTIST,20,5605,3
35,NO,SALES,204,MALE,SALES EXECUTIVE,10,7295,3
53,NO,SALES,205,MALE,SALES REPRESENTATIVE,7,2306,4
45,NO,RESEARCH & DEVELOPMENT,206,MALE,LABORATORY TECHNICIAN,17,2348,3
32,NO,SALES,207,FEMALE,SALES EXECUTIVE,9,8998,3
29,NO,RESEARCH & DEVELOPMENT,208,MALE,MANUFACTURING DIRECTOR,10,4319,3
51,NO,RESEARCH & DEVELOPMENT,211,MALE,MANUFACTURING DIRECTOR,1,6132,3
58,NO,RESEARCH & DEVELOPMENT,214,FEMALE,RESEARCH SCIENTIST,1,3346,4
40,NO,SALES,215,MALE,SALES EXECUTIVE,12,10855,3
34,NO,SALES,216,FEMALE,SALES REPRESENTATIVE,4,2231,3
22,NO,RESEARCH & DEVELOPMENT,217,MALE,RESEARCH SCIENTIST,2,2323,4
27,NO,RESEARCH & DEVELOPMENT,218,MALE,RESEARCH SCIENTIST,2,2024,3
28,NO,RESEARCH & DEVELOPMENT,221,MALE,RESEARCH SCIENTIST,5,2713,3
57,NO,RESEARCH & DEVELOPMENT,223,MALE,HEALTHCARE REPRESENTATIVE,5,9439,3
27,NO,RESEARCH & DEVELOPMENT,224,MALE,RESEARCH SCIENTIST,1,2566,3
50,NO,RESEARCH & DEVELOPMENT,226,FEMALE,MANAGER,5,19926,3
41,NO,RESEARCH & DEVELOPMENT,227,MALE,RESEARCH SCIENTIST,9,2451,3
30,NO,SALES,228,FEMALE,SALES EXECUTIVE,10,9419,3
38,NO,SALES,230,FEMALE,SALES EXECUTIVE,8,8686,4
32,NO,RESEARCH & DEVELOPMENT,231,MALE,RESEARCH SCIENTIST,5,3038,4
27,NO,RESEARCH & DEVELOPMENT,233,MALE,RESEARCH SCIENTIST,5,3058,3
19,YES,SALES,235,FEMALE,SALES REPRESENTATIVE,0,2325,4
36,NO,RESEARCH & DEVELOPMENT,238,MALE,LABORATORY TECHNICIAN,8,2088,3
30,NO,RESEARCH & DEVELOPMENT,239,MALE,LABORATORY TECHNICIAN,12,3072,3
45,NO,SALES,240,FEMALE,SALES EXECUTIVE,5,5006,3
56,NO,RESEARCH & DEVELOPMENT,241,FEMALE,RESEARCH SCIENTIST,2,4257,3
33,NO,RESEARCH & DEVELOPMENT,242,MALE,RESEARCH SCIENTIST,3,2500,3
19,YES,RESEARCH & DEVELOPMENT,243,MALE,LABORATORY TECHNICIAN,1,1102,4
46,NO,SALES,244,FEMALE,SALES EXECUTIVE,24,10453,4
38,NO,RESEARCH & DEVELOPMENT,245,FEMALE,LABORATORY TECHNICIAN,2,2288,3
31,NO,RESEARCH & DEVELOPMENT,246,FEMALE,RESEARCH SCIENTIST,4,3929,4
34,NO,RESEARCH & DEVELOPMENT,247,FEMALE,RESEARCH SCIENTIST,3,2311,3
41,YES,SALES,248,FEMALE,SALES REPRESENTATIVE,4,3140,4
50,NO,RESEARCH & DEVELOPMENT,249,MALE,LABORATORY TECHNICIAN,3,3690,3
53,NO,RESEARCH & DEVELOPMENT,250,FEMALE,MANUFACTURING DIRECTOR,4,4450,3
33,NO,RESEARCH & DEVELOPMENT,252,FEMALE,RESEARCH SCIENTIST,8,2756,3
40,NO,RESEARCH & DEVELOPMENT,253,FEMALE,MANAGER,20,19033,3
55,NO,RESEARCH & DEVELOPMENT,254,MALE,RESEARCH DIRECTOR,24,18722,3
34,NO,RESEARCH & DEVELOPMENT,256,MALE,MANUFACTURING DIRECTOR,10,9547,3
51,NO,RESEARCH & DEVELOPMENT,258,FEMALE,HEALTHCARE REPRESENTATIVE,7,13734,3
52,NO,RESEARCH & DEVELOPMENT,259,MALE,MANAGER,33,19999,3
27,NO,RESEARCH & DEVELOPMENT,260,FEMALE,RESEARCH SCIENTIST,7,2279,3
35,YES,RESEARCH & DEVELOPMENT,261,MALE,MANUFACTURING DIRECTOR,1,5916,3
43,NO,RESEARCH & DEVELOPMENT,262,MALE,RESEARCH SCIENTIST,5,2089,3
45,NO,RESEARCH & DEVELOPMENT,264,MALE,MANAGER,20,16792,4
37,NO,RESEARCH & DEVELOPMENT,267,MALE,RESEARCH SCIENTIST,8,3564,3
35,NO,RESEARCH & DEVELOPMENT,269,FEMALE,LABORATORY TECHNICIAN,6,4425,3
42,NO,RESEARCH & DEVELOPMENT,270,FEMALE,MANUFACTURING DIRECTOR,5,5265,3
38,NO,RESEARCH & DEVELOPMENT,271,MALE,MANUFACTURING DIRECTOR,1,6553,3
38,NO,RESEARCH & DEVELOPMENT,273,MALE,MANUFACTURING DIRECTOR,7,6261,3
27,NO,RESEARCH & DEVELOPMENT,274,MALE,MANUFACTURING DIRECTOR,2,4298,3
49,NO,RESEARCH & DEVELOPMENT,275,MALE,MANUFACTURING DIRECTOR,7,6804,3
34,NO,RESEARCH & DEVELOPMENT,277,MALE,RESEARCH SCIENTIST,5,3815,3
40,NO,RESEARCH & DEVELOPMENT,281,MALE,LABORATORY TECHNICIAN,7,2741,3
38,YES,RESEARCH & DEVELOPMENT,282,MALE,HEALTHCARE REPRESENTATIVE,1,6673,3
29,YES,SALES,283,FEMALE,SALES EXECUTIVE,10,7639,4
22,NO,RESEARCH & DEVELOPMENT,284,MALE,RESEARCH SCIENTIST,4,2328,3
36,NO,RESEARCH & DEVELOPMENT,286,FEMALE,LABORATORY TECHNICIAN,8,2153,3
40,NO,RESEARCH & DEVELOPMENT,287,MALE,HEALTHCARE REPRESENTATIVE,3,4876,3
46,NO,RESEARCH & DEVELOPMENT,288,MALE,HEALTHCARE REPRESENTATIVE,4,9396,3
32,YES,SALES,291,MALE,SALES EXECUTIVE,14,10400,3
30,NO,RESEARCH & DEVELOPMENT,292,MALE,MANUFACTURING DIRECTOR,11,8474,4
27,NO,SALES,293,FEMALE,SALES EXECUTIVE,7,9981,3
51,NO,RESEARCH & DEVELOPMENT,296,MALE,RESEARCH DIRECTOR,10,12490,3
30,YES,RESEARCH & DEVELOPMENT,297,FEMALE,RESEARCH SCIENTIST,5,2657,3
41,NO,SALES,298,FEMALE,MANAGER,1,13591,3
30,YES,SALES,299,FEMALE,SALES EXECUTIVE,6,6696,3
29,YES,RESEARCH & DEVELOPMENT,300,MALE,RESEARCH SCIENTIST,6,2058,3
45,NO,SALES,302,FEMALE,SALES EXECUTIVE,19,8865,3
54,NO,SALES,303,FEMALE,SALES EXECUTIVE,6,5940,3
36,NO,RESEARCH & DEVELOPMENT,304,MALE,LABORATORY TECHNICIAN,13,5914,3
33,NO,RESEARCH & DEVELOPMENT,305,FEMALE,RESEARCH SCIENTIST,3,2622,4
37,NO,RESEARCH & DEVELOPMENT,306,MALE,RESEARCH DIRECTOR,10,12185,3
38,NO,SALES,307,MALE,SALES EXECUTIVE,16,10609,3
31,NO,RESEARCH & DEVELOPMENT,308,MALE,MANUFACTURING DIRECTOR,5,4345,3
59,NO,RESEARCH & DEVELOPMENT,309,MALE,RESEARCH SCIENTIST,1,2177,3
37,NO,SALES,311,MALE,SALES REPRESENTATIVE,9,2793,3
29,NO,SALES,312,FEMALE,SALES EXECUTIVE,11,7918,3
35,NO,SALES,314,FEMALE,SALES EXECUTIVE,10,8789,3
29,YES,RESEARCH & DEVELOPMENT,315,MALE,RESEARCH SCIENTIST,4,2389,3
52,NO,RESEARCH & DEVELOPMENT,316,FEMALE,LABORATORY TECHNICIAN,2,3212,3
42,NO,RESEARCH & DEVELOPMENT,319,MALE,MANAGER,22,19232,3
59,NO,HUMAN RESOURCES,321,MALE,HUMAN RESOURCES,2,2267,3
50,NO,SALES,323,FEMALE,MANAGER,7,19517,3
33,YES,RESEARCH & DEVELOPMENT,325,MALE,LABORATORY TECHNICIAN,5,2436,3
43,NO,SALES,327,FEMALE,MANAGER,17,16064,4
33,YES,RESEARCH & DEVELOPMENT,328,FEMALE,LABORATORY TECHNICIAN,9,2707,4
52,NO,SALES,329,MALE,MANAGER,33,19068,3
32,NO,SALES,330,FEMALE,SALES REPRESENTATIVE,4,3931,3
32,YES,RESEARCH & DEVELOPMENT,331,MALE,LABORATORY TECHNICIAN,3,3730,3
39,NO,RESEARCH & DEVELOPMENT,332,FEMALE,LABORATORY TECHNICIAN,3,2232,3
32,NO,SALES,333,MALE,SALES EXECUTIVE,3,4465,3
41,NO,RESEARCH & DEVELOPMENT,334,MALE,RESEARCH SCIENTIST,1,3072,3
40,NO,RESEARCH & DEVELOPMENT,335,MALE,RESEARCH SCIENTIST,9,3319,3
45,NO,RESEARCH & DEVELOPMENT,336,MALE,MANAGER,24,19202,3
31,NO,RESEARCH & DEVELOPMENT,337,MALE,RESEARCH DIRECTOR,2,13675,3
33,NO,RESEARCH & DEVELOPMENT,338,FEMALE,RESEARCH SCIENTIST,2,2911,3
34,NO,RESEARCH & DEVELOPMENT,339,MALE,MANUFACTURING DIRECTOR,11,5957,3
37,NO,RESEARCH & DEVELOPMENT,340,FEMALE,RESEARCH SCIENTIST,3,3920,3
45,NO,RESEARCH & DEVELOPMENT,341,MALE,MANUFACTURING DIRECTOR,3,6434,3
37,YES,RESEARCH & DEVELOPMENT,342,MALE,MANUFACTURING DIRECTOR,1,10048,3
39,NO,RESEARCH & DEVELOPMENT,343,FEMALE,HEALTHCARE REPRESENTATIVE,19,10938,4
29,NO,RESEARCH & DEVELOPMENT,346,MALE,RESEARCH SCIENTIST,6,2340,3
42,NO,RESEARCH & DEVELOPMENT,347,FEMALE,RESEARCH SCIENTIST,3,6545,3
29,NO,SALES,349,MALE,SALES EXECUTIVE,3,6931,3
25,NO,RESEARCH & DEVELOPMENT,350,FEMALE,MANUFACTURING DIRECTOR,4,4898,3
42,NO,RESEARCH & DEVELOPMENT,351,FEMALE,LABORATORY TECHNICIAN,9,2593,3
40,NO,RESEARCH & DEVELOPMENT,352,MALE,RESEARCH DIRECTOR,21,19436,3
51,NO,RESEARCH & DEVELOPMENT,353,MALE,RESEARCH SCIENTIST,1,2723,3
31,YES,RESEARCH & DEVELOPMENT,355,MALE,LABORATORY TECHNICIAN,5,3479,3
32,NO,RESEARCH & DEVELOPMENT,359,MALE,LABORATORY TECHNICIAN,5,2794,4
38,NO,SALES,361,MALE,SALES EXECUTIVE,8,5249,3
32,NO,RESEARCH & DEVELOPMENT,362,MALE,LABORATORY TECHNICIAN,6,2176,3
46,NO,SALES,363,FEMALE,MANAGER,7,16872,3
28,YES,RESEARCH & DEVELOPMENT,364,MALE,LABORATORY TECHNICIAN,0,3485,3
29,NO,SALES,366,MALE,SALES EXECUTIVE,0,6644,3
31,NO,RESEARCH & DEVELOPMENT,367,MALE,HEALTHCARE REPRESENTATIVE,9,5582,4
25,NO,RESEARCH & DEVELOPMENT,369,MALE,HEALTHCARE REPRESENTATIVE,6,4000,3
45,NO,RESEARCH & DEVELOPMENT,372,MALE,HEALTHCARE REPRESENTATIVE,20,13496,3
36,NO,RESEARCH & DEVELOPMENT,373,MALE,LABORATORY TECHNICIAN,15,3210,3
55,NO,RESEARCH & DEVELOPMENT,374,MALE,MANAGER,36,19045,3
47,YES,RESEARCH & DEVELOPMENT,376,MALE,MANAGER,10,11849,3
28,NO,RESEARCH & DEVELOPMENT,377,MALE,RESEARCH SCIENTIST,5,2070,4
37,NO,SALES,378,MALE,SALES EXECUTIVE,5,6502,3
21,NO,RESEARCH & DEVELOPMENT,379,MALE,RESEARCH SCIENTIST,3,3230,3
37,NO,RESEARCH & DEVELOPMENT,380,FEMALE,RESEARCH DIRECTOR,5,13603,3
35,NO,RESEARCH & DEVELOPMENT,381,FEMALE,MANAGER,7,11996,3
38,NO,SALES,382,FEMALE,SALES EXECUTIVE,8,5605,4
26,NO,RESEARCH & DEVELOPMENT,384,FEMALE,MANUFACTURING DIRECTOR,6,6397,4
50,NO,RESEARCH & DEVELOPMENT,385,MALE,RESEARCH DIRECTOR,10,19144,3
53,NO,RESEARCH & DEVELOPMENT,386,MALE,RESEARCH DIRECTOR,5,17584,3
42,NO,SALES,387,MALE,SALES EXECUTIVE,20,4907,4
29,NO,SALES,388,MALE,SALES EXECUTIVE,10,4554,3
55,NO,RESEARCH & DEVELOPMENT,389,MALE,LABORATORY TECHNICIAN,10,5415,3
26,NO,RESEARCH & DEVELOPMENT,390,MALE,HEALTHCARE REPRESENTATIVE,5,4741,3
37,NO,RESEARCH & DEVELOPMENT,391,FEMALE,RESEARCH SCIENTIST,17,2115,3
44,YES,RESEARCH & DEVELOPMENT,392,MALE,LABORATORY TECHNICIAN,1,3161,4
38,NO,RESEARCH & DEVELOPMENT,393,MALE,HEALTHCARE REPRESENTATIVE,2,5745,3
26,YES,RESEARCH & DEVELOPMENT,394,MALE,LABORATORY TECHNICIAN,3,2373,3
28,NO,RESEARCH & DEVELOPMENT,395,FEMALE,RESEARCH SCIENTIST,5,3310,4
49,NO,RESEARCH & DEVELOPMENT,396,FEMALE,RESEARCH DIRECTOR,3,18665,3
36,NO,RESEARCH & DEVELOPMENT,397,MALE,RESEARCH SCIENTIST,8,4485,3
31,NO,SALES,399,FEMALE,SALES REPRESENTATIVE,2,2789,3
26,YES,SALES,401,MALE,SALES EXECUTIVE,8,5828,3
37,NO,RESEARCH & DEVELOPMENT,403,MALE,RESEARCH SCIENTIST,4,2326,3
42,NO,SALES,404,FEMALE,SALES EXECUTIVE,20,13525,3
18,YES,RESEARCH & DEVELOPMENT,405,MALE,LABORATORY TECHNICIAN,0,1420,3
35,NO,SALES,406,MALE,SALES EXECUTIVE,11,8020,3
36,NO,RESEARCH & DEVELOPMENT,407,MALE,LABORATORY TECHNICIAN,1,3688,3
51,NO,RESEARCH & DEVELOPMENT,408,MALE,MANUFACTURING DIRECTOR,4,5482,3
41,NO,SALES,410,MALE,MANAGER,22,16015,3
18,NO,SALES,411,FEMALE,SALES REPRESENTATIVE,0,1200,3
28,NO,RESEARCH & DEVELOPMENT,412,MALE,HEALTHCARE REPRESENTATIVE,8,5661,3
31,NO,SALES,416,MALE,SALES EXECUTIVE,8,6929,3
39,NO,RESEARCH & DEVELOPMENT,417,MALE,HEALTHCARE REPRESENTATIVE,18,9613,3
36,NO,RESEARCH & DEVELOPMENT,419,FEMALE,LABORATORY TECHNICIAN,9,5674,3
32,NO,SALES,420,MALE,SALES EXECUTIVE,13,5484,3
38,NO,RESEARCH & DEVELOPMENT,421,FEMALE,RESEARCH DIRECTOR,10,12061,3
58,NO,RESEARCH & DEVELOPMENT,422,MALE,HEALTHCARE REPRESENTATIVE,5,5660,3
31,NO,RESEARCH & DEVELOPMENT,423,MALE,RESEARCH SCIENTIST,5,4821,3
31,NO,HUMAN RESOURCES,424,MALE,HUMAN RESOURCES,2,6410,3
45,NO,RESEARCH & DEVELOPMENT,425,MALE,LABORATORY TECHNICIAN,24,5210,3
31,NO,RESEARCH & DEVELOPMENT,426,MALE,RESEARCH SCIENTIST,2,2695,3
33,NO,RESEARCH & DEVELOPMENT,428,FEMALE,MANAGER,10,11878,3
39,NO,RESEARCH & DEVELOPMENT,429,MALE,MANAGER,21,17068,3
43,NO,RESEARCH & DEVELOPMENT,430,FEMALE,LABORATORY TECHNICIAN,8,2455,3
49,NO,RESEARCH & DEVELOPMENT,431,FEMALE,HEALTHCARE REPRESENTATIVE,7,13964,3
52,YES,RESEARCH & DEVELOPMENT,433,MALE,RESEARCH SCIENTIST,8,4941,3
27,NO,RESEARCH & DEVELOPMENT,434,FEMALE,RESEARCH SCIENTIST,4,2478,3
32,NO,SALES,436,FEMALE,SALES EXECUTIVE,13,5228,3
27,NO,SALES,437,MALE,SALES EXECUTIVE,5,4478,3
31,NO,SALES,438,MALE,SALES EXECUTIVE,7,7547,3
32,NO,RESEARCH & DEVELOPMENT,439,FEMALE,RESEARCH SCIENTIST,7,5055,3
28,YES,RESEARCH & DEVELOPMENT,440,MALE,RESEARCH SCIENTIST,3,3464,3
30,NO,RESEARCH & DEVELOPMENT,441,FEMALE,RESEARCH SCIENTIST,10,5775,3
31,NO,RESEARCH & DEVELOPMENT,442,FEMALE,MANUFACTURING DIRECTOR,10,8943,4
39,NO,RESEARCH & DEVELOPMENT,444,MALE,MANAGER,21,19272,3
39,YES,SALES,445,FEMALE,SALES EXECUTIVE,1,5238,3
33,NO,SALES,446,MALE,SALES EXECUTIVE,7,4682,3
47,NO,RESEARCH & DEVELOPMENT,447,MALE,RESEARCH DIRECTOR,3,18300,3
43,NO,RESEARCH & DEVELOPMENT,448,FEMALE,LABORATORY TECHNICIAN,9,5257,3
27,NO,SALES,449,MALE,SALES EXECUTIVE,5,6349,3
54,NO,RESEARCH & DEVELOPMENT,450,FEMALE,RESEARCH SCIENTIST,4,4869,3
43,NO,RESEARCH & DEVELOPMENT,451,FEMALE,HEALTHCARE REPRESENTATIVE,1,9985,3
45,NO,RESEARCH & DEVELOPMENT,452,MALE,RESEARCH SCIENTIST,10,3697,3
40,NO,SALES,453,MALE,SALES EXECUTIVE,4,7457,4
29,YES,RESEARCH & DEVELOPMENT,454,MALE,LABORATORY TECHNICIAN,7,2119,3
29,NO,RESEARCH & DEVELOPMENT,455,MALE,LABORATORY TECHNICIAN,3,3983,3
30,NO,SALES,456,FEMALE,SALES EXECUTIVE,10,6118,3
27,NO,SALES,458,FEMALE,SALES EXECUTIVE,8,6214,3
37,NO,RESEARCH & DEVELOPMENT,460,MALE,MANUFACTURING DIRECTOR,6,6347,3
38,NO,RESEARCH & DEVELOPMENT,461,MALE,RESEARCH DIRECTOR,11,11510,3
31,NO,RESEARCH & DEVELOPMENT,462,FEMALE,MANUFACTURING DIRECTOR,11,7143,3
29,NO,SALES,463,FEMALE,SALES EXECUTIVE,7,8268,3
35,NO,RESEARCH & DEVELOPMENT,464,MALE,MANUFACTURING DIRECTOR,16,8095,3
23,NO,RESEARCH & DEVELOPMENT,465,MALE,RESEARCH SCIENTIST,4,2904,3
41,NO,RESEARCH & DEVELOPMENT,466,MALE,MANUFACTURING DIRECTOR,5,6032,3
47,NO,SALES,467,MALE,SALES REPRESENTATIVE,0,2976,3
42,NO,RESEARCH & DEVELOPMENT,468,FEMALE,RESEARCH DIRECTOR,1,15992,3
29,NO,SALES,469,MALE,SALES EXECUTIVE,4,4649,3
42,NO,HUMAN RESOURCES,470,MALE,HUMAN RESOURCES,3,2696,3
32,NO,RESEARCH & DEVELOPMENT,471,FEMALE,LABORATORY TECHNICIAN,8,2370,3
48,NO,SALES,473,FEMALE,MANAGER,0,12504,4
37,NO,RESEARCH & DEVELOPMENT,474,MALE,RESEARCH SCIENTIST,7,5974,3
30,NO,SALES,475,FEMALE,SALES EXECUTIVE,2,4736,3
26,NO,SALES,476,MALE,SALES EXECUTIVE,8,5296,3
42,NO,RESEARCH & DEVELOPMENT,477,MALE,HEALTHCARE REPRESENTATIVE,1,6781,4
21,YES,SALES,478,FEMALE,SALES REPRESENTATIVE,3,2174,3
36,NO,SALES,479,FEMALE,SALES EXECUTIVE,1,6653,3
36,NO,SALES,481,MALE,SALES EXECUTIVE,13,9699,3
57,NO,RESEARCH & DEVELOPMENT,482,MALE,HEALTHCARE REPRESENTATIVE,3,6755,3
40,NO,RESEARCH & DEVELOPMENT,483,FEMALE,LABORATORY TECHNICIAN,7,2213,3
21,NO,SALES,484,MALE,SALES REPRESENTATIVE,3,2610,4
33,YES,SALES,485,FEMALE,SALES REPRESENTATIVE,1,2851,3
37,NO,RESEARCH & DEVELOPMENT,486,FEMALE,LABORATORY TECHNICIAN,5,3452,4
46,NO,RESEARCH & DEVELOPMENT,487,FEMALE,MANUFACTURING DIRECTOR,1,5258,3
41,YES,SALES,488,MALE,SALES EXECUTIVE,8,9355,3
50,NO,RESEARCH & DEVELOPMENT,491,MALE,HEALTHCARE REPRESENTATIVE,4,10496,3
40,YES,SALES,492,MALE,SALES EXECUTIVE,6,6380,3
31,NO,RESEARCH & DEVELOPMENT,493,MALE,RESEARCH SCIENTIST,2,2657,3
21,YES,SALES,494,FEMALE,SALES REPRESENTATIVE,1,2716,3
29,NO,RESEARCH & DEVELOPMENT,495,MALE,RESEARCH SCIENTIST,3,2201,3
35,NO,RESEARCH & DEVELOPMENT,496,MALE,HEALTHCARE REPRESENTATIVE,1,6540,3
27,NO,RESEARCH & DEVELOPMENT,497,MALE,LABORATORY TECHNICIAN,5,3816,3
28,NO,SALES,498,MALE,SALES EXECUTIVE,7,5253,3
49,NO,RESEARCH & DEVELOPMENT,499,MALE,HEALTHCARE REPRESENTATIVE,5,10965,4
51,NO,SALES,500,FEMALE,SALES EXECUTIVE,7,4936,3
36,NO,RESEARCH & DEVELOPMENT,501,FEMALE,RESEARCH SCIENTIST,2,2543,3
34,YES,SALES,502,MALE,SALES EXECUTIVE,5,5304,3
55,NO,RESEARCH & DEVELOPMENT,505,FEMALE,MANAGER,5,16659,3
24,NO,SALES,507,FEMALE,SALES EXECUTIVE,5,4260,3
30,NO,SALES,508,MALE,SALES REPRESENTATIVE,1,2476,3
26,YES,RESEARCH & DEVELOPMENT,510,MALE,RESEARCH SCIENTIST,6,3102,4
22,NO,RESEARCH & DEVELOPMENT,511,FEMALE,RESEARCH SCIENTIST,2,2244,3
36,NO,SALES,513,MALE,SALES EXECUTIVE,10,7596,3
30,YES,RESEARCH & DEVELOPMENT,514,MALE,RESEARCH SCIENTIST,1,2285,4
37,NO,RESEARCH & DEVELOPMENT,515,FEMALE,LABORATORY TECHNICIAN,18,3034,3
40,NO,SALES,516,FEMALE,SALES EXECUTIVE,5,5715,3
42,NO,RESEARCH & DEVELOPMENT,517,FEMALE,LABORATORY TECHNICIAN,5,2576,3
37,NO,RESEARCH & DEVELOPMENT,518,MALE,MANUFACTURING DIRECTOR,1,4197,3
43,NO,RESEARCH & DEVELOPMENT,520,MALE,RESEARCH DIRECTOR,25,14336,3
40,NO,RESEARCH & DEVELOPMENT,521,FEMALE,LABORATORY TECHNICIAN,1,3448,4
54,NO,RESEARCH & DEVELOPMENT,522,MALE,RESEARCH DIRECTOR,4,19406,3
34,NO,SALES,523,FEMALE,SALES EXECUTIVE,3,6538,3
31,NO,RESEARCH & DEVELOPMENT,524,FEMALE,MANUFACTURING DIRECTOR,13,4306,3
43,NO,RESEARCH & DEVELOPMENT,525,MALE,LABORATORY TECHNICIAN,3,2258,4
43,NO,RESEARCH & DEVELOPMENT,526,FEMALE,HEALTHCARE REPRESENTATIVE,5,4522,3
25,NO,SALES,527,FEMALE,SALES EXECUTIVE,5,4487,3
37,NO,RESEARCH & DEVELOPMENT,529,FEMALE,RESEARCH SCIENTIST,13,4449,3
31,NO,RESEARCH & DEVELOPMENT,530,MALE,LABORATORY TECHNICIAN,4,2218,3
39,NO,RESEARCH & DEVELOPMENT,531,MALE,MANAGER,21,19197,3
56,NO,SALES,532,FEMALE,SALES EXECUTIVE,7,13212,3
30,NO,SALES,533,FEMALE,SALES EXECUTIVE,5,6577,3
41,NO,SALES,534,MALE,SALES EXECUTIVE,10,8392,3
28,NO,RESEARCH & DEVELOPMENT,536,MALE,LABORATORY TECHNICIAN,10,4558,3
25,YES,RESEARCH & DEVELOPMENT,538,MALE,LABORATORY TECHNICIAN,2,4031,3
52,NO,RESEARCH & DEVELOPMENT,543,MALE,MANUFACTURING DIRECTOR,5,7969,3
45,NO,RESEARCH & DEVELOPMENT,544,MALE,RESEARCH SCIENTIST,2,2654,4
52,NO,RESEARCH & DEVELOPMENT,546,FEMALE,MANAGER,5,16555,3
42,NO,RESEARCH & DEVELOPMENT,547,FEMALE,RESEARCH SCIENTIST,5,4556,3
30,NO,RESEARCH & DEVELOPMENT,548,FEMALE,MANUFACTURING DIRECTOR,5,6091,4
60,NO,RESEARCH & DEVELOPMENT,549,FEMALE,MANAGER,29,19566,3
46,NO,RESEARCH & DEVELOPMENT,550,FEMALE,MANUFACTURING DIRECTOR,10,4810,3
42,NO,RESEARCH & DEVELOPMENT,551,FEMALE,HEALTHCARE REPRESENTATIVE,6,4523,3
24,YES,SALES,554,FEMALE,SALES REPRESENTATIVE,5,3202,3
34,YES,SALES,555,FEMALE,SALES REPRESENTATIVE,2,2351,3
38,NO,RESEARCH & DEVELOPMENT,556,MALE,LABORATORY TECHNICIAN,1,1702,4
40,NO,SALES,558,FEMALE,MANAGER,20,18041,3
26,NO,RESEARCH & DEVELOPMENT,560,FEMALE,RESEARCH SCIENTIST,3,2886,4
30,NO,RESEARCH & DEVELOPMENT,562,MALE,LABORATORY TECHNICIAN,5,2097,3
29,NO,RESEARCH & DEVELOPMENT,564,MALE,RESEARCH DIRECTOR,10,11935,3
29,YES,RESEARCH & DEVELOPMENT,565,FEMALE,RESEARCH SCIENTIST,2,2546,3
19,YES,HUMAN RESOURCES,566,MALE,HUMAN RESOURCES,1,2564,3
30,NO,SALES,567,FEMALE,SALES EXECUTIVE,9,8412,3
57,NO,SALES,568,MALE,MANAGER,1,14118,3
50,NO,RESEARCH & DEVELOPMENT,569,MALE,MANAGER,27,17046,3
30,NO,RESEARCH & DEVELOPMENT,571,FEMALE,LABORATORY TECHNICIAN,11,2564,3
60,NO,SALES,573,FEMALE,SALES EXECUTIVE,18,10266,3
47,NO,RESEARCH & DEVELOPMENT,574,FEMALE,MANUFACTURING DIRECTOR,5,5070,3
46,NO,RESEARCH & DEVELOPMENT,575,MALE,RESEARCH DIRECTOR,3,17861,3
35,NO,RESEARCH & DEVELOPMENT,577,MALE,LABORATORY TECHNICIAN,5,4230,3
54,NO,RESEARCH & DEVELOPMENT,578,FEMALE,LABORATORY TECHNICIAN,1,3780,3
34,NO,RESEARCH & DEVELOPMENT,579,MALE,RESEARCH SCIENTIST,7,2768,3
46,NO,SALES,580,FEMALE,SALES EXECUTIVE,3,9071,3
31,NO,RESEARCH & DEVELOPMENT,581,MALE,MANUFACTURING DIRECTOR,13,10648,4
33,YES,RESEARCH & DEVELOPMENT,582,MALE,MANAGER,7,13610,3
33,YES,RESEARCH & DEVELOPMENT,584,MALE,LABORATORY TECHNICIAN,4,3408,3
30,NO,SALES,585,MALE,SALES REPRESENTATIVE,3,2983,3
35,NO,RESEARCH & DEVELOPMENT,586,MALE,HEALTHCARE REPRESENTATIVE,8,7632,3
31,YES,RESEARCH & DEVELOPMENT,587,MALE,HEALTHCARE REPRESENTATIVE,1,9824,3
34,YES,HUMAN RESOURCES,590,FEMALE,HUMAN RESOURCES,3,9950,3
42,NO,RESEARCH & DEVELOPMENT,591,MALE,LABORATORY TECHNICIAN,2,2093,3
36,NO,SALES,592,MALE,SALES EXECUTIVE,10,9980,3
22,YES,RESEARCH & DEVELOPMENT,593,MALE,LABORATORY TECHNICIAN,2,3894,3
48,NO,SALES,595,FEMALE,SALES EXECUTIVE,9,4051,3
55,NO,SALES,597,FEMALE,MANAGER,10,16835,4
41,NO,SALES,599,MALE,SALES EXECUTIVE,14,6230,3
35,NO,SALES,600,MALE,SALES EXECUTIVE,11,4717,3
40,NO,RESEARCH & DEVELOPMENT,601,FEMALE,MANUFACTURING DIRECTOR,20,13237,3
39,NO,RESEARCH & DEVELOPMENT,602,FEMALE,LABORATORY TECHNICIAN,8,3755,3
31,NO,SALES,604,MALE,SALES EXECUTIVE,6,6582,3
42,NO,RESEARCH & DEVELOPMENT,605,MALE,MANUFACTURING DIRECTOR,10,7406,4
45,NO,SALES,606,MALE,SALES EXECUTIVE,8,4805,3
26,YES,HUMAN RESOURCES,608,FEMALE,HUMAN RESOURCES,7,2741,3
29,NO,RESEARCH & DEVELOPMENT,611,MALE,MANUFACTURING DIRECTOR,3,4262,3
33,NO,RESEARCH & DEVELOPMENT,612,FEMALE,RESEARCH DIRECTOR,6,16184,3
31,NO,SALES,613,MALE,MANAGER,5,11557,4
18,YES,SALES,614,MALE,SALES REPRESENTATIVE,0,1878,3
40,NO,SALES,615,MALE,SALES EXECUTIVE,1,10932,3
41,NO,RESEARCH & DEVELOPMENT,616,FEMALE,HEALTHCARE REPRESENTATIVE,8,6811,3
26,NO,SALES,618,MALE,SALES EXECUTIVE,0,4306,3
35,NO,SALES,620,FEMALE,SALES EXECUTIVE,5,4859,3
34,NO,SALES,621,MALE,SALES EXECUTIVE,10,5337,3
26,YES,RESEARCH & DEVELOPMENT,622,MALE,LABORATORY TECHNICIAN,1,2340,3
37,NO,RESEARCH & DEVELOPMENT,623,FEMALE,MANUFACTURING DIRECTOR,6,7491,3
46,NO,RESEARCH & DEVELOPMENT,624,FEMALE,HEALTHCARE REPRESENTATIVE,2,10527,3
41,NO,SALES,625,FEMALE,MANAGER,18,16595,3
37,NO,SALES,626,MALE,SALES EXECUTIVE,9,8834,3
52,NO,RESEARCH & DEVELOPMENT,630,MALE,RESEARCH SCIENTIST,10,5577,3
32,YES,SALES,631,MALE,SALES EXECUTIVE,4,4707,3
24,NO,SALES,632,MALE,SALES REPRESENTATIVE,2,2400,3
38,NO,RESEARCH & DEVELOPMENT,634,FEMALE,HEALTHCARE REPRESENTATIVE,1,9824,3
37,NO,RESEARCH & DEVELOPMENT,635,FEMALE,MANUFACTURING DIRECTOR,6,6447,3
49,NO,RESEARCH & DEVELOPMENT,638,MALE,RESEARCH DIRECTOR,31,19502,3
24,NO,RESEARCH & DEVELOPMENT,639,MALE,RESEARCH SCIENTIST,6,2725,3
26,NO,SALES,641,MALE,SALES EXECUTIVE,5,6272,4
24,NO,RESEARCH & DEVELOPMENT,643,MALE,LABORATORY TECHNICIAN,1,2127,4
50,NO,HUMAN RESOURCES,644,MALE,MANAGER,32,18200,3
25,NO,SALES,645,MALE,SALES REPRESENTATIVE,7,2096,3
24,YES,RESEARCH & DEVELOPMENT,647,FEMALE,LABORATORY TECHNICIAN,6,2886,3
30,YES,SALES,648,MALE,SALES REPRESENTATIVE,1,2033,3
34,NO,RESEARCH & DEVELOPMENT,649,MALE,RESEARCH SCIENTIST,6,3622,3
31,YES,SALES,650,MALE,SALES EXECUTIVE,3,4233,3
35,NO,RESEARCH & DEVELOPMENT,652,MALE,LABORATORY TECHNICIAN,3,3681,3
31,NO,SALES,653,MALE,SALES EXECUTIVE,7,5460,4
27,NO,RESEARCH & DEVELOPMENT,655,FEMALE,RESEARCH SCIENTIST,5,2187,3
37,NO,SALES,656,MALE,SALES EXECUTIVE,3,9602,3
20,NO,RESEARCH & DEVELOPMENT,657,FEMALE,RESEARCH SCIENTIST,1,2836,3
42,NO,RESEARCH & DEVELOPMENT,659,FEMALE,HEALTHCARE REPRESENTATIVE,10,4089,3
43,NO,RESEARCH & DEVELOPMENT,661,MALE,RESEARCH DIRECTOR,1,16627,3
38,NO,RESEARCH & DEVELOPMENT,662,FEMALE,RESEARCH SCIENTIST,0,2619,3
43,NO,RESEARCH & DEVELOPMENT,663,MALE,LABORATORY TECHNICIAN,8,5679,3
48,NO,RESEARCH & DEVELOPMENT,664,FEMALE,MANAGER,3,15402,3
44,NO,HUMAN RESOURCES,665,FEMALE,HUMAN RESOURCES,2,5985,3
34,NO,SALES,666,FEMALE,SALES REPRESENTATIVE,8,2579,3
27,YES,SALES,667,MALE,SALES REPRESENTATIVE,4,3041,3
21,NO,SALES,669,MALE,SALES REPRESENTATIVE,3,3447,3
44,NO,RESEARCH & DEVELOPMENT,671,MALE,MANAGER,2,19513,3
22,NO,RESEARCH & DEVELOPMENT,675,MALE,RESEARCH SCIENTIST,2,2773,4
33,NO,SALES,677,MALE,SALES EXECUTIVE,5,7104,3
32,NO,RESEARCH & DEVELOPMENT,679,FEMALE,RESEARCH SCIENTIST,6,6322,3
30,NO,RESEARCH & DEVELOPMENT,680,FEMALE,RESEARCH SCIENTIST,1,2083,4
53,NO,SALES,682,FEMALE,SALES EXECUTIVE,14,8381,4
34,NO,RESEARCH & DEVELOPMENT,683,MALE,RESEARCH SCIENTIST,10,2691,3
45,YES,SALES,684,FEMALE,SALES EXECUTIVE,1,4286,3
26,NO,RESEARCH & DEVELOPMENT,686,FEMALE,LABORATORY TECHNICIAN,3,2659,3
37,NO,RESEARCH & DEVELOPMENT,689,MALE,MANUFACTURING DIRECTOR,10,9434,3
29,NO,SALES,690,FEMALE,SALES EXECUTIVE,6,5561,3
35,NO,RESEARCH & DEVELOPMENT,691,MALE,RESEARCH SCIENTIST,17,6646,3
33,NO,RESEARCH & DEVELOPMENT,692,MALE,HEALTHCARE REPRESENTATIVE,13,7725,4
54,NO,HUMAN RESOURCES,698,MALE,HUMAN RESOURCES,9,10725,3
36,NO,RESEARCH & DEVELOPMENT,699,MALE,MANUFACTURING DIRECTOR,3,8847,3
27,NO,RESEARCH & DEVELOPMENT,700,MALE,RESEARCH SCIENTIST,4,2045,3
20,YES,RESEARCH & DEVELOPMENT,701,MALE,RESEARCH SCIENTIST,1,1009,3
33,YES,RESEARCH & DEVELOPMENT,702,MALE,RESEARCH SCIENTIST,10,3348,3
35,NO,RESEARCH & DEVELOPMENT,704,MALE,LABORATORY TECHNICIAN,1,1281,3
23,NO,RESEARCH & DEVELOPMENT,705,MALE,RESEARCH SCIENTIST,3,2819,3
25,NO,SALES,707,MALE,SALES EXECUTIVE,3,4851,4
38,NO,SALES,709,FEMALE,SALES EXECUTIVE,7,4028,4
29,NO,RESEARCH & DEVELOPMENT,710,MALE,RESEARCH SCIENTIST,10,2720,3
48,NO,SALES,712,MALE,SALES EXECUTIVE,2,8120,3
27,NO,SALES,714,FEMALE,SALES EXECUTIVE,6,4647,4
37,NO,RESEARCH & DEVELOPMENT,715,MALE,RESEARCH SCIENTIST,1,4680,3
50,NO,RESEARCH & DEVELOPMENT,716,MALE,LABORATORY TECHNICIAN,20,3221,3
34,NO,RESEARCH & DEVELOPMENT,717,FEMALE,HEALTHCARE REPRESENTATIVE,8,8621,3
24,YES,SALES,720,FEMALE,SALES EXECUTIVE,2,4577,3
39,NO,RESEARCH & DEVELOPMENT,721,FEMALE,HEALTHCARE REPRESENTATIVE,20,4553,3
32,NO,SALES,722,MALE,SALES EXECUTIVE,10,5396,3
50,YES,SALES,723,MALE,SALES EXECUTIVE,4,6796,3
38,NO,RESEARCH & DEVELOPMENT,724,FEMALE,HEALTHCARE REPRESENTATIVE,9,7625,3
27,NO,RESEARCH & DEVELOPMENT,725,FEMALE,MANUFACTURING DIRECTOR,9,7412,3
32,NO,RESEARCH & DEVELOPMENT,727,FEMALE,RESEARCH DIRECTOR,7,11159,3
47,NO,SALES,728,MALE,SALES EXECUTIVE,7,4960,3
40,NO,SALES,729,MALE,SALES EXECUTIVE,18,10475,4
53,NO,RESEARCH & DEVELOPMENT,730,MALE,RESEARCH DIRECTOR,5,14814,3
41,NO,HUMAN RESOURCES,731,MALE,MANAGER,21,19141,3
60,NO,SALES,732,MALE,SALES EXECUTIVE,2,5405,3
27,NO,RESEARCH & DEVELOPMENT,733,MALE,MANUFACTURING DIRECTOR,9,8793,4
41,NO,HUMAN RESOURCES,734,MALE,MANAGER,22,19189,3
50,NO,SALES,738,MALE,SALES REPRESENTATIVE,2,3875,3
28,YES,RESEARCH & DEVELOPMENT,741,FEMALE,RESEARCH SCIENTIST,7,2216,3
36,NO,RESEARCH & DEVELOPMENT,742,FEMALE,RESEARCH DIRECTOR,8,11713,3
38,NO,RESEARCH & DEVELOPMENT,743,FEMALE,MANUFACTURING DIRECTOR,1,7861,3
44,NO,RESEARCH & DEVELOPMENT,744,MALE,LABORATORY TECHNICIAN,5,3708,3
47,NO,SALES,746,FEMALE,SALES EXECUTIVE,22,13770,3
30,NO,SALES,747,MALE,SALES EXECUTIVE,8,5304,4
29,NO,SALES,749,MALE,SALES REPRESENTATIVE,1,2642,3
42,YES,RESEARCH & DEVELOPMENT,752,MALE,RESEARCH SCIENTIST,2,2759,3
43,NO,SALES,754,MALE,SALES EXECUTIVE,2,6804,3
34,NO,RESEARCH & DEVELOPMENT,757,FEMALE,HEALTHCARE REPRESENTATIVE,5,6142,3
23,NO,RESEARCH & DEVELOPMENT,758,MALE,LABORATORY TECHNICIAN,4,2500,3
39,NO,HUMAN RESOURCES,760,FEMALE,HUMAN RESOURCES,8,6389,3
56,NO,RESEARCH & DEVELOPMENT,762,MALE,HEALTHCARE REPRESENTATIVE,10,11103,3
40,NO,RESEARCH & DEVELOPMENT,763,FEMALE,RESEARCH SCIENTIST,4,2342,4
27,NO,RESEARCH & DEVELOPMENT,764,FEMALE,HEALTHCARE REPRESENTATIVE,7,6811,3
29,NO,SALES,766,MALE,SALES REPRESENTATIVE,2,2297,3
53,NO,RESEARCH & DEVELOPMENT,769,MALE,LABORATORY TECHNICIAN,2,2450,3
35,NO,RESEARCH & DEVELOPMENT,771,FEMALE,HEALTHCARE REPRESENTATIVE,1,5093,3
32,NO,RESEARCH & DEVELOPMENT,772,MALE,LABORATORY TECHNICIAN,10,5309,3
38,NO,RESEARCH & DEVELOPMENT,773,MALE,RESEARCH SCIENTIST,1,3057,3
34,NO,RESEARCH & DEVELOPMENT,775,FEMALE,MANUFACTURING DIRECTOR,0,5121,3
52,NO,SALES,776,MALE,MANAGER,34,16856,3
33,YES,RESEARCH & DEVELOPMENT,780,MALE,RESEARCH SCIENTIST,10,2686,3
25,NO,SALES,781,FEMALE,SALES EXECUTIVE,6,6180,4
45,NO,SALES,783,MALE,SALES REPRESENTATIVE,8,6632,3
23,NO,RESEARCH & DEVELOPMENT,784,MALE,RESEARCH SCIENTIST,2,3505,3
47,YES,SALES,785,FEMALE,SALES EXECUTIVE,5,6397,3
34,NO,SALES,786,MALE,SALES EXECUTIVE,6,6274,4
55,YES,RESEARCH & DEVELOPMENT,787,MALE,MANAGER,5,19859,3
36,NO,SALES,789,MALE,SALES EXECUTIVE,10,7587,3
52,NO,RESEARCH & DEVELOPMENT,791,MALE,RESEARCH SCIENTIST,4,4258,3
26,NO,RESEARCH & DEVELOPMENT,792,FEMALE,LABORATORY TECHNICIAN,2,4364,3
29,NO,RESEARCH & DEVELOPMENT,793,FEMALE,HEALTHCARE REPRESENTATIVE,8,4335,3
26,YES,SALES,796,MALE,SALES EXECUTIVE,4,5326,3
34,NO,RESEARCH & DEVELOPMENT,797,FEMALE,RESEARCH SCIENTIST,4,3280,3
54,NO,RESEARCH & DEVELOPMENT,799,FEMALE,MANUFACTURING DIRECTOR,5,5485,3
27,NO,SALES,800,MALE,SALES EXECUTIVE,4,4342,3
37,NO,RESEARCH & DEVELOPMENT,802,FEMALE,RESEARCH SCIENTIST,5,2782,3
38,NO,RESEARCH & DEVELOPMENT,803,FEMALE,MANUFACTURING DIRECTOR,15,5980,3
34,NO,RESEARCH & DEVELOPMENT,804,FEMALE,RESEARCH SCIENTIST,6,4381,3
35,NO,SALES,805,FEMALE,SALES REPRESENTATIVE,3,2572,3
30,NO,RESEARCH & DEVELOPMENT,806,MALE,LABORATORY TECHNICIAN,2,3833,4
40,NO,RESEARCH & DEVELOPMENT,807,FEMALE,HEALTHCARE REPRESENTATIVE,8,4244,4
34,NO,SALES,808,FEMALE,SALES EXECUTIVE,3,6500,3
42,NO,RESEARCH & DEVELOPMENT,809,MALE,MANAGER,24,18430,3
23,YES,RESEARCH & DEVELOPMENT,811,MALE,LABORATORY TECHNICIAN,0,1601,4
24,NO,RESEARCH & DEVELOPMENT,812,MALE,LABORATORY TECHNICIAN,1,2694,3
52,NO,RESEARCH & DEVELOPMENT,813,FEMALE,LABORATORY TECHNICIAN,5,3149,4
50,NO,RESEARCH & DEVELOPMENT,815,MALE,RESEARCH DIRECTOR,4,17639,3
29,YES,RESEARCH & DEVELOPMENT,816,FEMALE,LABORATORY TECHNICIAN,1,2319,3
33,NO,RESEARCH & DEVELOPMENT,817,MALE,RESEARCH DIRECTOR,13,11691,3
33,YES,SALES,819,FEMALE,SALES EXECUTIVE,3,5324,3
47,NO,RESEARCH & DEVELOPMENT,820,FEMALE,MANAGER,26,16752,3
36,NO,RESEARCH & DEVELOPMENT,823,FEMALE,MANUFACTURING DIRECTOR,9,5228,3
29,NO,RESEARCH & DEVELOPMENT,824,MALE,RESEARCH SCIENTIST,10,2700,4
58,YES,RESEARCH & DEVELOPMENT,825,MALE,RESEARCH DIRECTOR,31,19246,3
35,NO,RESEARCH & DEVELOPMENT,826,FEMALE,RESEARCH SCIENTIST,2,2506,3
42,NO,RESEARCH & DEVELOPMENT,827,FEMALE,MANUFACTURING DIRECTOR,4,6062,3
28,YES,RESEARCH & DEVELOPMENT,828,MALE,RESEARCH SCIENTIST,2,4382,3
36,NO,HUMAN RESOURCES,829,MALE,HUMAN RESOURCES,5,2143,3
32,NO,RESEARCH & DEVELOPMENT,830,FEMALE,MANUFACTURING DIRECTOR,14,6162,3
40,NO,RESEARCH & DEVELOPMENT,832,MALE,LABORATORY TECHNICIAN,1,5094,3
30,NO,RESEARCH & DEVELOPMENT,833,FEMALE,MANUFACTURING DIRECTOR,0,6877,4
45,NO,RESEARCH & DEVELOPMENT,834,FEMALE,RESEARCH SCIENTIST,1,2274,3
42,NO,RESEARCH & DEVELOPMENT,836,MALE,MANUFACTURING DIRECTOR,9,4434,3
38,NO,RESEARCH & DEVELOPMENT,837,MALE,HEALTHCARE REPRESENTATIVE,4,6288,3
34,NO,RESEARCH & DEVELOPMENT,838,FEMALE,RESEARCH SCIENTIST,5,2553,3
49,YES,SALES,840,FEMALE,SALES EXECUTIVE,9,7654,3
55,YES,SALES,842,MALE,SALES EXECUTIVE,9,5160,3
43,NO,RESEARCH & DEVELOPMENT,843,MALE,RESEARCH DIRECTOR,4,17159,4
27,NO,RESEARCH & DEVELOPMENT,844,MALE,RESEARCH DIRECTOR,9,12808,3
35,NO,RESEARCH & DEVELOPMENT,845,MALE,MANUFACTURING DIRECTOR,8,10221,4
28,NO,SALES,846,FEMALE,SALES EXECUTIVE,8,4779,4
34,NO,HUMAN RESOURCES,847,MALE,HUMAN RESOURCES,3,3737,3
26,YES,RESEARCH & DEVELOPMENT,848,FEMALE,RESEARCH SCIENTIST,8,2366,3
27,NO,RESEARCH & DEVELOPMENT,850,MALE,RESEARCH SCIENTIST,0,1706,3
51,NO,SALES,851,FEMALE,MANAGER,20,16307,3
44,NO,RESEARCH & DEVELOPMENT,852,MALE,HEALTHCARE REPRESENTATIVE,5,5933,3
25,NO,RESEARCH & DEVELOPMENT,854,MALE,RESEARCH SCIENTIST,4,3424,3
33,NO,SALES,855,MALE,SALES EXECUTIVE,9,4037,4
35,NO,RESEARCH & DEVELOPMENT,856,FEMALE,RESEARCH SCIENTIST,6,2559,3
36,NO,SALES,857,MALE,SALES EXECUTIVE,18,6201,3
32,NO,SALES,859,MALE,SALES EXECUTIVE,5,4403,3
30,NO,RESEARCH & DEVELOPMENT,861,MALE,RESEARCH SCIENTIST,5,3761,3
53,NO,SALES,862,FEMALE,SALES EXECUTIVE,5,10934,3
45,NO,SALES,864,MALE,SALES EXECUTIVE,5,10761,3
32,NO,RESEARCH & DEVELOPMENT,865,FEMALE,RESEARCH SCIENTIST,5,5175,3
52,NO,RESEARCH & DEVELOPMENT,867,FEMALE,MANUFACTURING DIRECTOR,9,13826,4
37,NO,SALES,868,MALE,SALES EXECUTIVE,1,6334,3
28,NO,HUMAN RESOURCES,869,MALE,HUMAN RESOURCES,5,4936,3
22,NO,RESEARCH & DEVELOPMENT,872,MALE,MANUFACTURING DIRECTOR,2,4775,4
44,NO,RESEARCH & DEVELOPMENT,874,MALE,LABORATORY TECHNICIAN,3,2818,4
42,NO,RESEARCH & DEVELOPMENT,875,MALE,RESEARCH SCIENTIST,2,2515,3
36,NO,HUMAN RESOURCES,878,MALE,HUMAN RESOURCES,5,2342,4
25,NO,SALES,879,MALE,SALES EXECUTIVE,5,4194,3
35,NO,RESEARCH & DEVELOPMENT,880,FEMALE,MANUFACTURING DIRECTOR,17,10685,4
35,YES,RESEARCH & DEVELOPMENT,881,FEMALE,RESEARCH SCIENTIST,10,2022,3
32,NO,RESEARCH & DEVELOPMENT,882,MALE,LABORATORY TECHNICIAN,3,2314,3
25,NO,SALES,885,MALE,SALES EXECUTIVE,5,4256,3
49,NO,RESEARCH & DEVELOPMENT,887,FEMALE,RESEARCH SCIENTIST,4,3580,3
24,NO,RESEARCH & DEVELOPMENT,888,MALE,LABORATORY TECHNICIAN,5,3162,3
32,NO,SALES,889,MALE,SALES EXECUTIVE,10,6524,3
38,NO,SALES,893,MALE,SALES REPRESENTATIVE,2,2899,3
42,NO,RESEARCH & DEVELOPMENT,894,FEMALE,LABORATORY TECHNICIAN,5,5231,3
31,NO,RESEARCH & DEVELOPMENT,895,MALE,RESEARCH SCIENTIST,6,2356,3
29,YES,SALES,896,FEMALE,SALES REPRESENTATIVE,3,2800,3
53,NO,SALES,897,MALE,SALES EXECUTIVE,2,11836,3
35,NO,RESEARCH & DEVELOPMENT,899,MALE,MANUFACTURING DIRECTOR,13,10903,3
37,NO,SALES,900,FEMALE,SALES REPRESENTATIVE,5,2973,3
53,NO,RESEARCH & DEVELOPMENT,901,FEMALE,RESEARCH DIRECTOR,12,14275,3
43,NO,RESEARCH & DEVELOPMENT,902,FEMALE,HEALTHCARE REPRESENTATIVE,5,5562,3
47,NO,SALES,903,FEMALE,SALES EXECUTIVE,7,4537,4
37,NO,SALES,904,MALE,SALES EXECUTIVE,10,7642,3
50,NO,RESEARCH & DEVELOPMENT,905,MALE,MANAGER,31,17924,3
39,NO,HUMAN RESOURCES,909,FEMALE,HUMAN RESOURCES,5,5204,3
33,NO,HUMAN RESOURCES,910,MALE,HUMAN RESOURCES,4,2277,3
32,YES,RESEARCH & DEVELOPMENT,911,MALE,LABORATORY TECHNICIAN,1,2795,4
29,NO,RESEARCH & DEVELOPMENT,912,FEMALE,LABORATORY TECHNICIAN,4,2532,3
44,NO,RESEARCH & DEVELOPMENT,913,MALE,RESEARCH SCIENTIST,8,2559,3
28,NO,SALES,916,MALE,SALES EXECUTIVE,4,4908,3
58,YES,RESEARCH & DEVELOPMENT,918,MALE,LABORATORY TECHNICIAN,1,2380,3
43,NO,RESEARCH & DEVELOPMENT,920,FEMALE,MANUFACTURING DIRECTOR,1,4765,4
20,YES,SALES,922,FEMALE,SALES REPRESENTATIVE,2,2044,3
21,YES,RESEARCH & DEVELOPMENT,923,FEMALE,RESEARCH SCIENTIST,1,2693,3
36,NO,RESEARCH & DEVELOPMENT,924,MALE,HEALTHCARE REPRESENTATIVE,16,6586,3
47,NO,SALES,925,FEMALE,SALES REPRESENTATIVE,3,3294,3
22,YES,RESEARCH & DEVELOPMENT,926,FEMALE,MANUFACTURING DIRECTOR,3,4171,3
41,YES,RESEARCH & DEVELOPMENT,927,FEMALE,LABORATORY TECHNICIAN,7,2778,3
28,NO,RESEARCH & DEVELOPMENT,930,FEMALE,RESEARCH SCIENTIST,2,2377,3
39,YES,RESEARCH & DEVELOPMENT,932,MALE,LABORATORY TECHNICIAN,2,2404,4
27,NO,RESEARCH & DEVELOPMENT,933,FEMALE,RESEARCH SCIENTIST,1,2318,3
34,NO,RESEARCH & DEVELOPMENT,934,MALE,LABORATORY TECHNICIAN,1,2008,3
42,NO,SALES,936,FEMALE,SALES EXECUTIVE,5,6244,3
33,NO,RESEARCH & DEVELOPMENT,939,MALE,RESEARCH SCIENTIST,3,2799,3
58,NO,RESEARCH & DEVELOPMENT,940,FEMALE,HEALTHCARE REPRESENTATIVE,6,10552,3
31,NO,SALES,941,MALE,SALES REPRESENTATIVE,7,2329,3
35,NO,RESEARCH & DEVELOPMENT,942,FEMALE,HEALTHCARE REPRESENTATIVE,10,4014,4
49,NO,RESEARCH & DEVELOPMENT,944,FEMALE,LABORATORY TECHNICIAN,26,7403,3
48,NO,RESEARCH & DEVELOPMENT,945,MALE,RESEARCH SCIENTIST,0,2259,3
31,NO,SALES,947,FEMALE,SALES EXECUTIVE,9,6932,3
36,NO,RESEARCH & DEVELOPMENT,949,MALE,RESEARCH SCIENTIST,6,4678,3
38,NO,RESEARCH & DEVELOPMENT,950,FEMALE,RESEARCH DIRECTOR,15,13582,3
32,NO,RESEARCH & DEVELOPMENT,951,FEMALE,LABORATORY TECHNICIAN,3,2332,4
25,YES,SALES,952,MALE,SALES REPRESENTATIVE,1,2413,3
40,NO,SALES,954,MALE,SALES EXECUTIVE,1,9705,3
26,NO,SALES,956,MALE,SALES EXECUTIVE,7,4294,3
41,NO,RESEARCH & DEVELOPMENT,957,MALE,LABORATORY TECHNICIAN,18,4721,3
36,NO,RESEARCH & DEVELOPMENT,958,MALE,LABORATORY TECHNICIAN,11,2519,4
19,YES,SALES,959,MALE,SALES REPRESENTATIVE,1,2121,3
20,YES,RESEARCH & DEVELOPMENT,960,MALE,LABORATORY TECHNICIAN,1,2973,3
31,NO,RESEARCH & DEVELOPMENT,961,FEMALE,HEALTHCARE REPRESENTATIVE,9,5855,3
40,NO,RESEARCH & DEVELOPMENT,964,MALE,RESEARCH SCIENTIST,1,3617,3
32,NO,RESEARCH & DEVELOPMENT,966,FEMALE,MANUFACTURING DIRECTOR,8,6725,3
36,YES,SALES,967,MALE,SALES EXECUTIVE,16,10325,3
33,NO,RESEARCH & DEVELOPMENT,969,FEMALE,HEALTHCARE REPRESENTATIVE,5,6949,3
37,YES,SALES,970,MALE,SALES EXECUTIVE,14,10609,3
45,NO,RESEARCH & DEVELOPMENT,972,MALE,LABORATORY TECHNICIAN,9,4447,3
29,NO,SALES,974,FEMALE,SALES REPRESENTATIVE,3,2157,3
35,NO,SALES,975,FEMALE,SALES EXECUTIVE,5,4601,3
52,NO,RESEARCH & DEVELOPMENT,976,MALE,MANAGER,9,17099,3
58,YES,RESEARCH & DEVELOPMENT,977,MALE,RESEARCH SCIENTIST,1,2479,4
53,NO,SALES,981,MALE,MANAGER,17,14852,3
30,NO,SALES,982,MALE,SALES EXECUTIVE,8,7264,3
38,NO,SALES,983,FEMALE,SALES EXECUTIVE,5,5666,3
35,NO,SALES,984,MALE,SALES EXECUTIVE,10,7823,3
39,NO,SALES,985,MALE,SALES EXECUTIVE,8,7880,3
40,YES,SALES,986,FEMALE,SALES EXECUTIVE,1,13194,3
47,NO,RESEARCH & DEVELOPMENT,987,MALE,MANUFACTURING DIRECTOR,19,5067,3
36,NO,SALES,990,MALE,SALES EXECUTIVE,7,5079,3
31,YES,RESEARCH & DEVELOPMENT,991,MALE,RESEARCH SCIENTIST,3,2321,4
33,NO,SALES,992,MALE,MANAGER,10,17444,3
29,YES,RESEARCH & DEVELOPMENT,994,FEMALE,RESEARCH SCIENTIST,0,2404,4
33,NO,RESEARCH & DEVELOPMENT,995,FEMALE,RESEARCH SCIENTIST,3,3452,3
45,NO,RESEARCH & DEVELOPMENT,996,FEMALE,LABORATORY TECHNICIAN,5,2270,3
50,NO,RESEARCH & DEVELOPMENT,997,MALE,RESEARCH DIRECTOR,5,17399,4
33,NO,RESEARCH & DEVELOPMENT,998,FEMALE,HEALTHCARE REPRESENTATIVE,6,5488,3
41,NO,RESEARCH & DEVELOPMENT,999,MALE,RESEARCH DIRECTOR,18,19419,3
27,NO,RESEARCH & DEVELOPMENT,1001,FEMALE,LABORATORY TECHNICIAN,2,2811,3
45,NO,RESEARCH & DEVELOPMENT,1002,MALE,LABORATORY TECHNICIAN,9,3633,3
47,NO,SALES,1003,FEMALE,SALES EXECUTIVE,9,4163,3
30,YES,RESEARCH & DEVELOPMENT,1004,FEMALE,RESEARCH SCIENTIST,5,2132,3
50,NO,RESEARCH & DEVELOPMENT,1005,MALE,MANUFACTURING DIRECTOR,12,13973,3
38,NO,RESEARCH & DEVELOPMENT,1006,MALE,RESEARCH SCIENTIST,2,2684,3
46,NO,RESEARCH & DEVELOPMENT,1007,MALE,MANUFACTURING DIRECTOR,8,10845,3
24,NO,RESEARCH & DEVELOPMENT,1009,FEMALE,MANUFACTURING DIRECTOR,4,4377,3
35,YES,RESEARCH & DEVELOPMENT,1010,MALE,LABORATORY TECHNICIAN,4,3743,4
31,NO,RESEARCH & DEVELOPMENT,1011,FEMALE,MANUFACTURING DIRECTOR,4,4148,3
18,NO,RESEARCH & DEVELOPMENT,1012,MALE,RESEARCH SCIENTIST,0,1051,3
54,NO,RESEARCH & DEVELOPMENT,1013,FEMALE,MANUFACTURING DIRECTOR,10,10739,3
35,NO,RESEARCH & DEVELOPMENT,1014,FEMALE,HEALTHCARE REPRESENTATIVE,16,10388,3
30,NO,RESEARCH & DEVELOPMENT,1015,FEMALE,RESEARCH DIRECTOR,8,11416,3
20,YES,RESEARCH & DEVELOPMENT,1016,FEMALE,RESEARCH SCIENTIST,1,2600,3
30,YES,RESEARCH & DEVELOPMENT,1017,FEMALE,LABORATORY TECHNICIAN,3,2422,3
26,NO,RESEARCH & DEVELOPMENT,1018,MALE,MANUFACTURING DIRECTOR,8,5472,3
22,NO,RESEARCH & DEVELOPMENT,1019,MALE,LABORATORY TECHNICIAN,4,2451,3
48,NO,RESEARCH & DEVELOPMENT,1022,MALE,HEALTHCARE REPRESENTATIVE,2,4240,3
48,NO,RESEARCH & DEVELOPMENT,1024,MALE,HEALTHCARE REPRESENTATIVE,15,10999,3
41,NO,RESEARCH & DEVELOPMENT,1025,FEMALE,MANUFACTURING DIRECTOR,2,5003,3
39,NO,RESEARCH & DEVELOPMENT,1026,FEMALE,MANUFACTURING DIRECTOR,21,12742,3
27,NO,RESEARCH & DEVELOPMENT,1027,FEMALE,MANUFACTURING DIRECTOR,3,4227,3
35,NO,RESEARCH & DEVELOPMENT,1028,MALE,LABORATORY TECHNICIAN,3,3917,4
42,NO,SALES,1029,MALE,MANAGER,1,18303,3
50,NO,RESEARCH & DEVELOPMENT,1030,MALE,LABORATORY TECHNICIAN,1,2380,3
59,NO,RESEARCH & DEVELOPMENT,1032,FEMALE,MANUFACTURING DIRECTOR,5,13726,3
37,YES,RESEARCH & DEVELOPMENT,1033,FEMALE,HEALTHCARE REPRESENTATIVE,1,4777,3
55,NO,RESEARCH & DEVELOPMENT,1034,MALE,HEALTHCARE REPRESENTATIVE,8,6385,3
41,NO,RESEARCH & DEVELOPMENT,1035,FEMALE,RESEARCH DIRECTOR,21,19973,4
38,NO,SALES,1036,MALE,SALES EXECUTIVE,1,6861,3
26,YES,SALES,1037,MALE,SALES EXECUTIVE,2,4969,3
52,YES,SALES,1038,FEMALE,MANAGER,32,19845,3
44,NO,SALES,1039,FEMALE,SALES EXECUTIVE,12,13320,3
50,NO,SALES,1040,FEMALE,SALES EXECUTIVE,18,6347,3
36,YES,RESEARCH & DEVELOPMENT,1042,FEMALE,LABORATORY TECHNICIAN,17,2743,3
39,NO,RESEARCH & DEVELOPMENT,1043,FEMALE,MANUFACTURING DIRECTOR,21,10880,3
33,NO,SALES,1044,FEMALE,SALES REPRESENTATIVE,2,2342,3
45,NO,SALES,1045,FEMALE,MANAGER,9,17650,3
32,NO,RESEARCH & DEVELOPMENT,1046,FEMALE,LABORATORY TECHNICIAN,8,4025,3
34,NO,SALES,1047,MALE,SALES EXECUTIVE,15,9725,3
59,NO,SALES,1048,MALE,MANAGER,6,11904,3
45,NO,HUMAN RESOURCES,1049,MALE,HUMAN RESOURCES,6,2177,3
53,NO,SALES,1050,FEMALE,SALES EXECUTIVE,15,7525,3
36,YES,RESEARCH & DEVELOPMENT,1052,MALE,LABORATORY TECHNICIAN,1,4834,3
26,YES,RESEARCH & DEVELOPMENT,1053,MALE,RESEARCH SCIENTIST,3,2042,3
34,NO,SALES,1055,FEMALE,SALES REPRESENTATIVE,1,2220,3
28,NO,SALES,1056,MALE,SALES REPRESENTATIVE,1,1052,4
38,NO,RESEARCH & DEVELOPMENT,1060,MALE,RESEARCH SCIENTIST,2,2821,3
50,NO,RESEARCH & DEVELOPMENT,1061,MALE,RESEARCH DIRECTOR,8,19237,3
37,NO,RESEARCH & DEVELOPMENT,1062,FEMALE,HEALTHCARE REPRESENTATIVE,4,4107,3
40,NO,SALES,1066,MALE,SALES EXECUTIVE,7,8396,3
26,NO,RESEARCH & DEVELOPMENT,1068,FEMALE,RESEARCH SCIENTIST,5,2007,3
46,NO,RESEARCH & DEVELOPMENT,1069,MALE,RESEARCH DIRECTOR,2,19627,3
54,NO,SALES,1070,FEMALE,SALES EXECUTIVE,9,10686,3
56,NO,RESEARCH & DEVELOPMENT,1071,FEMALE,RESEARCH SCIENTIST,5,2942,3
36,NO,RESEARCH & DEVELOPMENT,1073,FEMALE,MANUFACTURING DIRECTOR,14,8858,3
55,NO,RESEARCH & DEVELOPMENT,1074,MALE,MANAGER,9,16756,3
43,NO,SALES,1076,MALE,SALES EXECUTIVE,1,10798,3
20,YES,SALES,1077,FEMALE,SALES REPRESENTATIVE,2,2323,3
21,YES,RESEARCH & DEVELOPMENT,1079,FEMALE,LABORATORY TECHNICIAN,1,1416,3
46,NO,RESEARCH & DEVELOPMENT,1080,FEMALE,RESEARCH SCIENTIST,16,4615,4
51,YES,RESEARCH & DEVELOPMENT,1081,MALE,RESEARCH SCIENTIST,10,2461,3
28,YES,RESEARCH & DEVELOPMENT,1082,MALE,HEALTHCARE REPRESENTATIVE,10,8722,3
26,NO,RESEARCH & DEVELOPMENT,1083,MALE,LABORATORY TECHNICIAN,5,3955,3
30,NO,RESEARCH & DEVELOPMENT,1084,MALE,MANUFACTURING DIRECTOR,6,9957,3
41,NO,RESEARCH & DEVELOPMENT,1085,FEMALE,RESEARCH SCIENTIST,10,3376,3
38,NO,RESEARCH & DEVELOPMENT,1088,FEMALE,HEALTHCARE REPRESENTATIVE,19,8823,3
40,NO,RESEARCH & DEVELOPMENT,1092,MALE,HEALTHCARE REPRESENTATIVE,11,10322,4
27,NO,RESEARCH & DEVELOPMENT,1094,MALE,LABORATORY TECHNICIAN,3,4621,3
55,NO,RESEARCH & DEVELOPMENT,1096,MALE,MANUFACTURING DIRECTOR,3,10976,3
28,NO,RESEARCH & DEVELOPMENT,1097,FEMALE,RESEARCH SCIENTIST,8,3660,3
44,YES,HUMAN RESOURCES,1098,MALE,HUMAN RESOURCES,20,10482,3
33,NO,RESEARCH & DEVELOPMENT,1099,MALE,HEALTHCARE REPRESENTATIVE,3,7119,3
35,YES,SALES,1100,MALE,SALES EXECUTIVE,8,9582,4
33,YES,RESEARCH & DEVELOPMENT,1101,FEMALE,RESEARCH SCIENTIST,13,4508,4
28,NO,RESEARCH & DEVELOPMENT,1102,MALE,LABORATORY TECHNICIAN,4,2207,3
34,NO,RESEARCH & DEVELOPMENT,1103,MALE,HEALTHCARE REPRESENTATIVE,6,7756,3
37,NO,SALES,1105,FEMALE,SALES EXECUTIVE,1,6694,3
25,YES,RESEARCH & DEVELOPMENT,1106,MALE,LABORATORY TECHNICIAN,7,3691,3
26,YES,RESEARCH & DEVELOPMENT,1107,MALE,LABORATORY TECHNICIAN,1,2377,4
33,YES,RESEARCH & DEVELOPMENT,1108,MALE,RESEARCH SCIENTIST,2,2313,4
42,NO,RESEARCH & DEVELOPMENT,1109,MALE,MANAGER,22,17665,3
28,YES,RESEARCH & DEVELOPMENT,1111,MALE,LABORATORY TECHNICIAN,1,2596,3
50,YES,SALES,1113,MALE,SALES EXECUTIVE,0,4728,3
33,NO,SALES,1114,FEMALE,SALES EXECUTIVE,3,4302,3
34,NO,RESEARCH & DEVELOPMENT,1115,MALE,RESEARCH SCIENTIST,0,2979,3
48,NO,RESEARCH & DEVELOPMENT,1116,MALE,MANAGER,5,16885,4
45,NO,SALES,1117,FEMALE,SALES EXECUTIVE,15,5593,3
52,NO,RESEARCH & DEVELOPMENT,1118,MALE,HEALTHCARE REPRESENTATIVE,8,10445,3
38,NO,SALES,1119,MALE,SALES EXECUTIVE,8,8740,3
29,NO,RESEARCH & DEVELOPMENT,1120,FEMALE,RESEARCH SCIENTIST,7,2514,4
28,NO,RESEARCH & DEVELOPMENT,1121,FEMALE,MANUFACTURING DIRECTOR,9,7655,3
46,NO,SALES,1124,MALE,MANAGER,12,17465,3
38,NO,SALES,1125,MALE,SALES EXECUTIVE,1,7351,3
43,NO,RESEARCH & DEVELOPMENT,1126,FEMALE,MANUFACTURING DIRECTOR,8,10820,3
39,YES,RESEARCH & DEVELOPMENT,1127,MALE,HEALTHCARE REPRESENTATIVE,18,12169,3
40,NO,RESEARCH & DEVELOPMENT,1128,MALE,RESEARCH DIRECTOR,20,19626,3
21,NO,RESEARCH & DEVELOPMENT,1131,FEMALE,RESEARCH SCIENTIST,2,2070,3
39,NO,RESEARCH & DEVELOPMENT,1132,MALE,LABORATORY TECHNICIAN,5,6782,3
36,NO,RESEARCH & DEVELOPMENT,1133,MALE,MANUFACTURING DIRECTOR,11,7779,4
31,NO,SALES,1135,MALE,SALES REPRESENTATIVE,2,2791,3
28,NO,RESEARCH & DEVELOPMENT,1136,MALE,RESEARCH SCIENTIST,5,3201,3
35,NO,SALES,1137,MALE,SALES EXECUTIVE,5,4968,3
49,NO,SALES,1138,MALE,SALES EXECUTIVE,9,13120,3
34,NO,RESEARCH & DEVELOPMENT,1140,MALE,MANUFACTURING DIRECTOR,3,4033,3
29,NO,RESEARCH & DEVELOPMENT,1143,FEMALE,RESEARCH SCIENTIST,7,3291,3
42,NO,RESEARCH & DEVELOPMENT,1148,MALE,LABORATORY TECHNICIAN,1,4272,3
29,NO,RESEARCH & DEVELOPMENT,1150,MALE,MANUFACTURING DIRECTOR,10,5056,3
38,NO,HUMAN RESOURCES,1152,MALE,HUMAN RESOURCES,7,2844,3
28,NO,RESEARCH & DEVELOPMENT,1154,MALE,RESEARCH SCIENTIST,3,2703,3
18,YES,RESEARCH & DEVELOPMENT,1156,MALE,LABORATORY TECHNICIAN,0,1904,3
33,YES,SALES,1157,FEMALE,SALES EXECUTIVE,5,8224,3
41,NO,RESEARCH & DEVELOPMENT,1158,MALE,LABORATORY TECHNICIAN,1,4766,3
31,YES,RESEARCH & DEVELOPMENT,1160,MALE,LABORATORY TECHNICIAN,2,2610,3
37,NO,RESEARCH & DEVELOPMENT,1161,FEMALE,HEALTHCARE REPRESENTATIVE,6,5731,3
27,NO,RESEARCH & DEVELOPMENT,1162,MALE,RESEARCH SCIENTIST,4,2539,3
34,NO,SALES,1163,FEMALE,SALES EXECUTIVE,6,5714,4
35,NO,HUMAN RESOURCES,1164,MALE,HUMAN RESOURCES,5,4323,3
29,YES,SALES,1165,FEMALE,SALES EXECUTIVE,11,7336,3
40,NO,RESEARCH & DEVELOPMENT,1166,FEMALE,RESEARCH DIRECTOR,18,13499,3
42,YES,SALES,1167,MALE,SALES EXECUTIVE,21,13758,3
42,NO,SALES,1171,MALE,SALES EXECUTIVE,6,5155,3
35,NO,RESEARCH & DEVELOPMENT,1172,MALE,LABORATORY TECHNICIAN,8,2258,3
24,NO,RESEARCH & DEVELOPMENT,1173,MALE,LABORATORY TECHNICIAN,4,3597,4
28,YES,RESEARCH & DEVELOPMENT,1175,FEMALE,LABORATORY TECHNICIAN,1,2515,3
26,NO,RESEARCH & DEVELOPMENT,1177,MALE,LABORATORY TECHNICIAN,8,4420,4
30,NO,SALES,1179,MALE,SALES EXECUTIVE,10,6578,3
40,NO,RESEARCH & DEVELOPMENT,1180,FEMALE,RESEARCH SCIENTIST,1,4422,3
35,NO,RESEARCH & DEVELOPMENT,1182,MALE,MANUFACTURING DIRECTOR,7,10274,3
34,NO,RESEARCH & DEVELOPMENT,1184,MALE,HEALTHCARE REPRESENTATIVE,13,5343,4
35,NO,RESEARCH & DEVELOPMENT,1185,MALE,LABORATORY TECHNICIAN,2,2376,3
43,YES,SALES,1188,FEMALE,SALES EXECUTIVE,4,5346,3
32,NO,SALES,1190,FEMALE,SALES REPRESENTATIVE,1,2827,3
56,NO,RESEARCH & DEVELOPMENT,1191,FEMALE,MANAGER,5,19943,3
29,NO,RESEARCH & DEVELOPMENT,1192,FEMALE,LABORATORY TECHNICIAN,10,3131,3
19,NO,RESEARCH & DEVELOPMENT,1193,MALE,RESEARCH SCIENTIST,1,2552,4
45,NO,RESEARCH & DEVELOPMENT,1195,FEMALE,RESEARCH SCIENTIST,3,4477,3
37,NO,RESEARCH & DEVELOPMENT,1196,FEMALE,MANUFACTURING DIRECTOR,14,6474,3
20,NO,RESEARCH & DEVELOPMENT,1198,MALE,LABORATORY TECHNICIAN,2,3033,3
44,YES,RESEARCH & DEVELOPMENT,1200,MALE,RESEARCH SCIENTIST,6,2936,3
53,NO,RESEARCH & DEVELOPMENT,1201,FEMALE,MANAGER,7,18606,3
29,NO,RESEARCH & DEVELOPMENT,1202,FEMALE,RESEARCH SCIENTIST,5,2168,3
22,YES,RESEARCH & DEVELOPMENT,1203,MALE,RESEARCH SCIENTIST,0,2853,3
46,NO,SALES,1204,FEMALE,MANAGER,26,17048,4
44,NO,RESEARCH & DEVELOPMENT,1206,MALE,RESEARCH SCIENTIST,0,2290,3
33,NO,HUMAN RESOURCES,1207,MALE,HUMAN RESOURCES,5,3600,3
41,YES,RESEARCH & DEVELOPMENT,1210,MALE,RESEARCH SCIENTIST,1,2107,3
30,NO,SALES,1211,MALE,SALES EXECUTIVE,4,4115,3
40,NO,SALES,1212,MALE,SALES EXECUTIVE,0,4327,3
50,NO,RESEARCH & DEVELOPMENT,1215,FEMALE,MANAGER,2,17856,4
28,NO,RESEARCH & DEVELOPMENT,1216,MALE,LABORATORY TECHNICIAN,6,3196,3
46,NO,RESEARCH & DEVELOPMENT,1217,MALE,RESEARCH DIRECTOR,4,19081,3
35,NO,SALES,1218,MALE,SALES EXECUTIVE,7,8966,3
24,YES,RESEARCH & DEVELOPMENT,1219,FEMALE,LABORATORY TECHNICIAN,1,2210,3
33,NO,SALES,1220,FEMALE,SALES EXECUTIVE,10,4539,3
36,NO,RESEARCH & DEVELOPMENT,1221,MALE,LABORATORY TECHNICIAN,7,2741,3
30,NO,RESEARCH & DEVELOPMENT,1224,MALE,LABORATORY TECHNICIAN,10,3491,3
44,NO,RESEARCH & DEVELOPMENT,1225,MALE,RESEARCH SCIENTIST,20,4541,4
20,NO,SALES,1226,MALE,SALES REPRESENTATIVE,2,2678,3
46,NO,RESEARCH & DEVELOPMENT,1228,MALE,MANUFACTURING DIRECTOR,6,7379,3
42,NO,HUMAN RESOURCES,1231,MALE,HUMAN RESOURCES,4,6272,3
60,NO,SALES,1233,MALE,SALES EXECUTIVE,11,5220,3
32,NO,RESEARCH & DEVELOPMENT,1234,FEMALE,LABORATORY TECHNICIAN,2,2743,4
32,NO,RESEARCH & DEVELOPMENT,1235,FEMALE,RESEARCH SCIENTIST,8,4998,3
36,NO,RESEARCH & DEVELOPMENT,1237,FEMALE,MANUFACTURING DIRECTOR,7,10252,4
33,NO,RESEARCH & DEVELOPMENT,1238,MALE,RESEARCH SCIENTIST,14,2781,3
40,NO,SALES,1239,FEMALE,SALES EXECUTIVE,5,6852,3
25,NO,SALES,1240,MALE,SALES EXECUTIVE,4,4950,3
30,NO,RESEARCH & DEVELOPMENT,1241,MALE,RESEARCH SCIENTIST,11,3579,4
42,NO,RESEARCH & DEVELOPMENT,1242,FEMALE,RESEARCH DIRECTOR,1,13191,3
35,NO,SALES,1243,FEMALE,SALES EXECUTIVE,13,10377,3
27,NO,RESEARCH & DEVELOPMENT,1244,MALE,RESEARCH SCIENTIST,9,2235,3
54,NO,RESEARCH & DEVELOPMENT,1245,FEMALE,MANUFACTURING DIRECTOR,5,10502,3
44,NO,RESEARCH & DEVELOPMENT,1246,FEMALE,RESEARCH SCIENTIST,10,2011,3
19,YES,RESEARCH & DEVELOPMENT,1248,FEMALE,RESEARCH SCIENTIST,1,1859,4
29,NO,RESEARCH & DEVELOPMENT,1249,FEMALE,RESEARCH SCIENTIST,3,3760,3
54,NO,RESEARCH & DEVELOPMENT,1250,MALE,RESEARCH DIRECTOR,10,17779,3
31,NO,RESEARCH & DEVELOPMENT,1251,MALE,HEALTHCARE REPRESENTATIVE,6,6833,3
31,NO,RESEARCH & DEVELOPMENT,1252,FEMALE,HEALTHCARE REPRESENTATIVE,10,6812,3
59,NO,SALES,1254,FEMALE,SALES EXECUTIVE,6,5171,3
43,NO,RESEARCH & DEVELOPMENT,1255,MALE,RESEARCH DIRECTOR,8,19740,3
49,NO,RESEARCH & DEVELOPMENT,1256,MALE,MANAGER,1,18711,3
36,NO,RESEARCH & DEVELOPMENT,1257,MALE,RESEARCH SCIENTIST,11,3692,3
48,NO,RESEARCH & DEVELOPMENT,1258,MALE,LABORATORY TECHNICIAN,1,2559,3
27,NO,RESEARCH & DEVELOPMENT,1259,MALE,RESEARCH SCIENTIST,5,2517,3
29,NO,RESEARCH & DEVELOPMENT,1260,MALE,HEALTHCARE REPRESENTATIVE,6,6623,3
48,NO,RESEARCH & DEVELOPMENT,1263,MALE,RESEARCH DIRECTOR,1,18265,3
29,NO,RESEARCH & DEVELOPMENT,1264,FEMALE,RESEARCH DIRECTOR,7,16124,3
34,NO,RESEARCH & DEVELOPMENT,1265,FEMALE,RESEARCH SCIENTIST,1,2585,3
44,NO,SALES,1267,MALE,MANAGER,22,18213,3
33,NO,SALES,1268,MALE,SALES EXECUTIVE,9,8380,3
19,NO,RESEARCH & DEVELOPMENT,1269,FEMALE,RESEARCH SCIENTIST,1,2994,3
23,NO,RESEARCH & DEVELOPMENT,1270,MALE,RESEARCH SCIENTIST,1,1223,4
25,YES,SALES,1273,MALE,SALES REPRESENTATIVE,1,1118,3
26,NO,RESEARCH & DEVELOPMENT,1275,MALE,RESEARCH SCIENTIST,8,2875,4
45,YES,SALES,1277,FEMALE,MANAGER,24,18824,3
55,NO,RESEARCH & DEVELOPMENT,1278,MALE,HEALTHCARE REPRESENTATIVE,33,13577,3
21,YES,RESEARCH & DEVELOPMENT,1279,FEMALE,LABORATORY TECHNICIAN,2,2625,4
46,NO,SALES,1280,FEMALE,MANAGER,11,18789,3
34,NO,SALES,1281,FEMALE,SALES EXECUTIVE,3,4538,3
51,NO,SALES,1282,MALE,MANAGER,29,19847,4
59,NO,RESEARCH & DEVELOPMENT,1283,MALE,MANUFACTURING DIRECTOR,9,10512,3
34,NO,RESEARCH & DEVELOPMENT,1285,FEMALE,LABORATORY TECHNICIAN,11,4444,3
28,NO,RESEARCH & DEVELOPMENT,1286,MALE,LABORATORY TECHNICIAN,4,2154,3
44,NO,RESEARCH & DEVELOPMENT,1288,MALE,MANAGER,25,19190,3
34,NO,HUMAN RESOURCES,1289,MALE,HUMAN RESOURCES,10,4490,3
35,NO,RESEARCH & DEVELOPMENT,1291,MALE,RESEARCH SCIENTIST,3,3506,3
42,NO,RESEARCH & DEVELOPMENT,1292,FEMALE,RESEARCH SCIENTIST,1,2372,3
43,NO,SALES,1293,FEMALE,SALES EXECUTIVE,21,10231,3
36,NO,RESEARCH & DEVELOPMENT,1294,FEMALE,MANUFACTURING DIRECTOR,16,5410,3
44,YES,RESEARCH & DEVELOPMENT,1295,FEMALE,HEALTHCARE REPRESENTATIVE,10,7978,3
28,NO,RESEARCH & DEVELOPMENT,1296,MALE,LABORATORY TECHNICIAN,2,3867,3
51,NO,RESEARCH & DEVELOPMENT,1297,FEMALE,LABORATORY TECHNICIAN,7,2838,3
30,NO,RESEARCH & DEVELOPMENT,1298,FEMALE,MANUFACTURING DIRECTOR,8,4695,3
29,YES,RESEARCH & DEVELOPMENT,1299,FEMALE,LABORATORY TECHNICIAN,7,3339,3
28,NO,RESEARCH & DEVELOPMENT,1301,MALE,RESEARCH SCIENTIST,3,2080,3
25,NO,RESEARCH & DEVELOPMENT,1303,FEMALE,RESEARCH SCIENTIST,2,2096,3
32,NO,SALES,1304,MALE,SALES EXECUTIVE,10,6209,3
45,NO,RESEARCH & DEVELOPMENT,1306,FEMALE,MANAGER,0,18061,4
39,NO,RESEARCH & DEVELOPMENT,1307,FEMALE,MANAGER,19,17123,3
58,NO,RESEARCH & DEVELOPMENT,1308,MALE,RESEARCH SCIENTIST,2,2372,3
32,YES,RESEARCH & DEVELOPMENT,1309,MALE,LABORATORY TECHNICIAN,10,4883,3
39,YES,RESEARCH & DEVELOPMENT,1310,MALE,RESEARCH SCIENTIST,5,3904,3
30,NO,RESEARCH & DEVELOPMENT,1311,FEMALE,LABORATORY TECHNICIAN,9,4627,3
36,NO,RESEARCH & DEVELOPMENT,1312,FEMALE,HEALTHCARE REPRESENTATIVE,7,7094,3
46,NO,HUMAN RESOURCES,1314,FEMALE,HUMAN RESOURCES,7,3423,3
28,NO,RESEARCH & DEVELOPMENT,1315,FEMALE,LABORATORY TECHNICIAN,9,6674,3
50,NO,RESEARCH & DEVELOPMENT,1317,FEMALE,RESEARCH DIRECTOR,3,16880,3
40,YES,SALES,1318,MALE,SALES EXECUTIVE,5,9094,3
52,YES,SALES,1319,MALE,SALES EXECUTIVE,8,8446,3
30,NO,RESEARCH & DEVELOPMENT,1321,FEMALE,MANAGER,9,11916,4
39,NO,RESEARCH & DEVELOPMENT,1322,MALE,MANUFACTURING DIRECTOR,8,4534,3
31,NO,SALES,1324,FEMALE,SALES EXECUTIVE,10,9852,3
41,NO,SALES,1329,MALE,SALES EXECUTIVE,19,6151,3
31,YES,SALES,1331,FEMALE,SALES REPRESENTATIVE,3,2302,3
44,YES,RESEARCH & DEVELOPMENT,1333,MALE,LABORATORY TECHNICIAN,3,2362,3
42,NO,RESEARCH & DEVELOPMENT,1334,MALE,MANAGER,20,17861,3
55,NO,RESEARCH & DEVELOPMENT,1336,FEMALE,MANAGER,19,19187,3
56,NO,HUMAN RESOURCES,1338,MALE,MANAGER,7,19717,3
40,NO,RESEARCH & DEVELOPMENT,1340,MALE,RESEARCH SCIENTIST,4,3544,3
34,NO,RESEARCH & DEVELOPMENT,1344,MALE,HEALTHCARE REPRESENTATIVE,9,8500,3
40,NO,RESEARCH & DEVELOPMENT,1346,MALE,RESEARCH SCIENTIST,9,4661,3
41,NO,SALES,1349,FEMALE,SALES EXECUTIVE,9,4103,3
35,NO,RESEARCH & DEVELOPMENT,1350,MALE,RESEARCH SCIENTIST,9,4249,3
51,NO,HUMAN RESOURCES,1352,MALE,MANAGER,33,14026,3
38,NO,SALES,1355,FEMALE,SALES EXECUTIVE,7,6893,3
34,NO,SALES,1356,FEMALE,SALES EXECUTIVE,10,6125,3
25,NO,RESEARCH & DEVELOPMENT,1358,MALE,LABORATORY TECHNICIAN,3,3669,3
58,YES,RESEARCH & DEVELOPMENT,1360,FEMALE,MANUFACTURING DIRECTOR,10,10008,3
40,NO,RESEARCH & DEVELOPMENT,1361,MALE,LABORATORY TECHNICIAN,4,2387,4
36,NO,SALES,1362,FEMALE,SALES EXECUTIVE,15,4639,3
48,NO,RESEARCH & DEVELOPMENT,1363,MALE,MANUFACTURING DIRECTOR,10,7898,3
27,NO,SALES,1364,FEMALE,SALES REPRESENTATIVE,1,2534,3
51,NO,RESEARCH & DEVELOPMENT,1367,FEMALE,MANUFACTURING DIRECTOR,5,13142,3
18,NO,RESEARCH & DEVELOPMENT,1368,FEMALE,LABORATORY TECHNICIAN,0,1611,3
35,NO,RESEARCH & DEVELOPMENT,1369,FEMALE,LABORATORY TECHNICIAN,9,5363,3
27,NO,SALES,1371,MALE,SALES EXECUTIVE,6,5071,4
55,YES,SALES,1372,MALE,SALES EXECUTIVE,19,13695,3
56,NO,RESEARCH & DEVELOPMENT,1373,MALE,MANUFACTURING DIRECTOR,19,13402,3
34,NO,RESEARCH & DEVELOPMENT,1374,FEMALE,RESEARCH SCIENTIST,5,2029,4
40,NO,RESEARCH & DEVELOPMENT,1375,FEMALE,HEALTHCARE REPRESENTATIVE,12,6377,4
34,NO,RESEARCH & DEVELOPMENT,1377,MALE,LABORATORY TECHNICIAN,8,5429,3
31,YES,SALES,1379,FEMALE,SALES REPRESENTATIVE,1,2785,3
35,YES,SALES,1380,FEMALE,SALES EXECUTIVE,4,4614,3
38,NO,RESEARCH & DEVELOPMENT,1382,MALE,RESEARCH SCIENTIST,4,2610,3
34,NO,RESEARCH & DEVELOPMENT,1383,FEMALE,HEALTHCARE REPRESENTATIVE,14,6687,3
28,NO,SALES,1387,MALE,SALES EXECUTIVE,5,4724,3
31,YES,RESEARCH & DEVELOPMENT,1389,MALE,MANUFACTURING DIRECTOR,10,6179,3
39,NO,SALES,1390,MALE,SALES EXECUTIVE,5,6120,3
51,NO,SALES,1391,MALE,SALES EXECUTIVE,4,10596,3
41,NO,RESEARCH & DEVELOPMENT,1392,FEMALE,RESEARCH SCIENTIST,6,5467,3
37,NO,RESEARCH & DEVELOPMENT,1394,MALE,RESEARCH SCIENTIST,6,2996,3
33,NO,SALES,1395,MALE,SALES EXECUTIVE,5,9998,3
32,NO,SALES,1396,MALE,SALES EXECUTIVE,3,4078,3
39,NO,RESEARCH & DEVELOPMENT,1397,MALE,HEALTHCARE REPRESENTATIVE,6,10920,4
25,NO,SALES,1399,MALE,SALES EXECUTIVE,3,6232,3
52,NO,RESEARCH & DEVELOPMENT,1401,FEMALE,MANUFACTURING DIRECTOR,5,13247,3
43,NO,RESEARCH & DEVELOPMENT,1402,FEMALE,RESEARCH SCIENTIST,20,4081,3
27,NO,SALES,1403,FEMALE,SALES EXECUTIVE,6,5769,3
27,YES,RESEARCH & DEVELOPMENT,1405,FEMALE,RESEARCH SCIENTIST,8,2394,3
26,NO,RESEARCH & DEVELOPMENT,1407,MALE,RESEARCH SCIENTIST,4,3904,3
42,NO,HUMAN RESOURCES,1408,FEMALE,MANAGER,20,16799,3
52,NO,RESEARCH & DEVELOPMENT,1409,FEMALE,LABORATORY TECHNICIAN,5,2950,3
37,NO,RESEARCH & DEVELOPMENT,1411,FEMALE,LABORATORY TECHNICIAN,3,3629,3
35,NO,RESEARCH & DEVELOPMENT,1412,MALE,MANUFACTURING DIRECTOR,2,9362,3
25,NO,RESEARCH & DEVELOPMENT,1415,MALE,LABORATORY TECHNICIAN,3,3229,3
26,NO,RESEARCH & DEVELOPMENT,1417,MALE,LABORATORY TECHNICIAN,7,3578,3
29,NO,HUMAN RESOURCES,1419,MALE,HUMAN RESOURCES,10,7988,3
49,YES,RESEARCH & DEVELOPMENT,1420,MALE,LABORATORY TECHNICIAN,4,4284,4
29,YES,RESEARCH & DEVELOPMENT,1421,FEMALE,HEALTHCARE REPRESENTATIVE,8,7553,3
54,NO,RESEARCH & DEVELOPMENT,1422,FEMALE,RESEARCH DIRECTOR,20,17328,3
58,NO,RESEARCH & DEVELOPMENT,1423,FEMALE,RESEARCH DIRECTOR,9,19701,4
55,NO,RESEARCH & DEVELOPMENT,1424,MALE,RESEARCH DIRECTOR,7,14732,3
36,NO,SALES,1425,FEMALE,SALES EXECUTIVE,5,9278,3
31,YES,SALES,1427,FEMALE,SALES REPRESENTATIVE,1,1359,3
30,NO,SALES,1428,FEMALE,SALES EXECUTIVE,3,4779,3
31,NO,RESEARCH & DEVELOPMENT,1430,FEMALE,RESEARCH DIRECTOR,3,16422,3
34,NO,RESEARCH & DEVELOPMENT,1431,MALE,RESEARCH SCIENTIST,4,2996,3
31,YES,RESEARCH & DEVELOPMENT,1433,FEMALE,RESEARCH SCIENTIST,1,1261,3
27,NO,RESEARCH & DEVELOPMENT,1434,MALE,LABORATORY TECHNICIAN,5,2099,3
36,NO,RESEARCH & DEVELOPMENT,1435,MALE,LABORATORY TECHNICIAN,10,5810,3
36,NO,SALES,1436,FEMALE,SALES EXECUTIVE,3,5647,3
47,NO,RESEARCH & DEVELOPMENT,1438,MALE,RESEARCH SCIENTIST,6,3420,3
25,YES,SALES,1439,MALE,SALES REPRESENTATIVE,3,4400,3
37,NO,RESEARCH & DEVELOPMENT,1440,MALE,LABORATORY TECHNICIAN,6,3500,3
56,NO,RESEARCH & DEVELOPMENT,1441,FEMALE,RESEARCH SCIENTIST,3,2066,4
47,NO,RESEARCH & DEVELOPMENT,1443,FEMALE,RESEARCH DIRECTOR,20,17169,3
24,NO,SALES,1445,FEMALE,SALES EXECUTIVE,5,4162,3
32,NO,SALES,1446,MALE,SALES EXECUTIVE,4,9204,3
34,NO,RESEARCH & DEVELOPMENT,1447,FEMALE,LABORATORY TECHNICIAN,5,3294,3
41,NO,RESEARCH & DEVELOPMENT,1448,MALE,RESEARCH SCIENTIST,4,2127,3
40,NO,RESEARCH & DEVELOPMENT,1449,MALE,LABORATORY TECHNICIAN,8,3975,3
31,NO,SALES,1453,MALE,SALES EXECUTIVE,13,10793,3
46,YES,SALES,1457,MALE,SALES EXECUTIVE,7,10096,3
39,YES,RESEARCH & DEVELOPMENT,1458,FEMALE,LABORATORY TECHNICIAN,1,3646,4
31,YES,RESEARCH & DEVELOPMENT,1459,FEMALE,MANUFACTURING DIRECTOR,10,7446,3
45,NO,RESEARCH & DEVELOPMENT,1460,MALE,HEALTHCARE REPRESENTATIVE,7,10851,3
31,NO,HUMAN RESOURCES,1461,FEMALE,HUMAN RESOURCES,3,2109,3
31,YES,RESEARCH & DEVELOPMENT,1464,MALE,LABORATORY TECHNICIAN,2,3722,3
45,NO,RESEARCH & DEVELOPMENT,1465,MALE,MANUFACTURING DIRECTOR,3,9380,3
48,NO,SALES,1466,MALE,SALES EXECUTIVE,2,5486,3
34,YES,HUMAN RESOURCES,1467,FEMALE,HUMAN RESOURCES,2,2742,3
40,NO,RESEARCH & DEVELOPMENT,1468,MALE,RESEARCH DIRECTOR,9,13757,3
28,NO,SALES,1469,MALE,SALES EXECUTIVE,5,8463,3
44,NO,RESEARCH & DEVELOPMENT,1471,MALE,LABORATORY TECHNICIAN,5,3162,3
53,NO,RESEARCH & DEVELOPMENT,1472,MALE,RESEARCH DIRECTOR,9,16598,3
49,NO,RESEARCH & DEVELOPMENT,1473,MALE,HEALTHCARE REPRESENTATIVE,3,6651,3
40,NO,RESEARCH & DEVELOPMENT,1474,MALE,RESEARCH SCIENTIST,3,2345,3
44,NO,RESEARCH & DEVELOPMENT,1475,MALE,RESEARCH SCIENTIST,5,3420,3
33,NO,SALES,1477,MALE,SALES EXECUTIVE,4,4373,3
34,NO,SALES,1478,MALE,SALES EXECUTIVE,13,4759,3
30,NO,SALES,1479,MALE,SALES EXECUTIVE,2,5301,3
42,NO,RESEARCH & DEVELOPMENT,1480,FEMALE,LABORATORY TECHNICIAN,12,3673,3
44,NO,SALES,1481,FEMALE,SALES EXECUTIVE,1,4768,3
30,NO,RESEARCH & DEVELOPMENT,1482,MALE,RESEARCH SCIENTIST,1,1274,3
57,NO,RESEARCH & DEVELOPMENT,1483,MALE,RESEARCH SCIENTIST,12,4900,4
49,NO,RESEARCH & DEVELOPMENT,1484,MALE,HEALTHCARE REPRESENTATIVE,8,10466,3
34,NO,RESEARCH & DEVELOPMENT,1485,MALE,RESEARCH DIRECTOR,14,17007,3
28,YES,SALES,1486,MALE,SALES REPRESENTATIVE,3,2909,3
29,YES,SALES,1487,FEMALE,SALES EXECUTIVE,5,5765,3
34,YES,SALES,1489,FEMALE,SALES EXECUTIVE,15,4599,4
35,NO,SALES,1492,MALE,SALES REPRESENTATIVE,1,2404,3
24,YES,RESEARCH & DEVELOPMENT,1494,MALE,LABORATORY TECHNICIAN,0,3172,3
24,NO,SALES,1495,FEMALE,SALES REPRESENTATIVE,1,2033,3
44,NO,RESEARCH & DEVELOPMENT,1496,MALE,MANUFACTURING DIRECTOR,2,10209,3
29,NO,SALES,1497,MALE,SALES EXECUTIVE,10,8620,3
30,NO,HUMAN RESOURCES,1499,MALE,HUMAN RESOURCES,5,2064,4
55,NO,RESEARCH & DEVELOPMENT,1501,MALE,HEALTHCARE REPRESENTATIVE,3,4035,3
33,NO,RESEARCH & DEVELOPMENT,1502,FEMALE,LABORATORY TECHNICIAN,5,3838,3
47,NO,SALES,1503,FEMALE,SALES EXECUTIVE,5,4591,3
28,YES,RESEARCH & DEVELOPMENT,1504,MALE,LABORATORY TECHNICIAN,0,2561,3
28,NO,RESEARCH & DEVELOPMENT,1506,MALE,RESEARCH SCIENTIST,1,1563,3
28,NO,SALES,1507,MALE,SALES EXECUTIVE,4,4898,3
49,NO,RESEARCH & DEVELOPMENT,1509,FEMALE,LABORATORY TECHNICIAN,3,4789,4
29,NO,RESEARCH & DEVELOPMENT,1513,FEMALE,LABORATORY TECHNICIAN,3,3180,3
28,NO,RESEARCH & DEVELOPMENT,1514,MALE,MANUFACTURING DIRECTOR,8,6549,3
33,NO,RESEARCH & DEVELOPMENT,1515,MALE,HEALTHCARE REPRESENTATIVE,0,6388,3
32,NO,RESEARCH & DEVELOPMENT,1516,MALE,MANAGER,5,11244,4
54,NO,RESEARCH & DEVELOPMENT,1520,FEMALE,MANAGER,14,16032,4
29,YES,RESEARCH & DEVELOPMENT,1522,MALE,RESEARCH SCIENTIST,9,2362,3
44,NO,RESEARCH & DEVELOPMENT,1523,MALE,RESEARCH DIRECTOR,20,16328,3
39,NO,RESEARCH & DEVELOPMENT,1525,FEMALE,MANUFACTURING DIRECTOR,2,8376,3
46,NO,SALES,1527,FEMALE,MANAGER,13,16606,3
35,NO,RESEARCH & DEVELOPMENT,1529,FEMALE,HEALTHCARE REPRESENTATIVE,11,8606,3
23,NO,RESEARCH & DEVELOPMENT,1533,MALE,LABORATORY TECHNICIAN,4,2272,3
40,YES,RESEARCH & DEVELOPMENT,1534,MALE,LABORATORY TECHNICIAN,5,2018,3
34,NO,SALES,1535,MALE,SALES EXECUTIVE,10,7083,3
31,YES,RESEARCH & DEVELOPMENT,1537,FEMALE,RESEARCH SCIENTIST,7,4084,3
50,NO,RESEARCH & DEVELOPMENT,1539,MALE,RESEARCH DIRECTOR,32,14411,3
34,NO,SALES,1541,MALE,SALES REPRESENTATIVE,11,2308,4
42,NO,RESEARCH & DEVELOPMENT,1542,MALE,LABORATORY TECHNICIAN,1,4841,3
37,NO,RESEARCH & DEVELOPMENT,1543,MALE,RESEARCH SCIENTIST,10,4285,3
29,NO,RESEARCH & DEVELOPMENT,1544,FEMALE,HEALTHCARE REPRESENTATIVE,7,9715,3
33,NO,RESEARCH & DEVELOPMENT,1545,MALE,MANUFACTURING DIRECTOR,5,4320,3
45,NO,RESEARCH & DEVELOPMENT,1546,MALE,RESEARCH SCIENTIST,5,2132,4
42,NO,RESEARCH & DEVELOPMENT,1547,MALE,HEALTHCARE REPRESENTATIVE,20,10124,3
40,NO,SALES,1548,MALE,SALES EXECUTIVE,8,5473,3
33,NO,RESEARCH & DEVELOPMENT,1549,MALE,LABORATORY TECHNICIAN,15,5207,3
40,NO,HUMAN RESOURCES,1550,MALE,MANAGER,21,16437,4
24,NO,RESEARCH & DEVELOPMENT,1551,MALE,LABORATORY TECHNICIAN,1,2296,3
40,NO,RESEARCH & DEVELOPMENT,1552,MALE,HEALTHCARE REPRESENTATIVE,2,4069,3
45,NO,RESEARCH & DEVELOPMENT,1553,MALE,HEALTHCARE REPRESENTATIVE,10,7441,3
35,NO,SALES,1554,FEMALE,SALES REPRESENTATIVE,5,2430,4
32,NO,RESEARCH & DEVELOPMENT,1555,FEMALE,RESEARCH SCIENTIST,7,5878,3
36,NO,SALES,1556,MALE,SALES REPRESENTATIVE,3,2644,4
48,NO,SALES,1557,FEMALE,SALES EXECUTIVE,8,6439,3
29,NO,RESEARCH & DEVELOPMENT,1558,MALE,RESEARCH SCIENTIST,1,2451,3
33,NO,SALES,1560,MALE,SALES EXECUTIVE,2,6392,3
30,YES,SALES,1562,MALE,SALES EXECUTIVE,10,9714,3
38,NO,HUMAN RESOURCES,1563,MALE,HUMAN RESOURCES,6,6077,3
35,NO,RESEARCH & DEVELOPMENT,1564,MALE,LABORATORY TECHNICIAN,3,2450,3
30,NO,SALES,1568,MALE,SALES EXECUTIVE,4,9250,3
35,YES,RESEARCH & DEVELOPMENT,1569,FEMALE,LABORATORY TECHNICIAN,1,2074,3
53,YES,RESEARCH & DEVELOPMENT,1572,FEMALE,MANUFACTURING DIRECTOR,33,10169,3
38,YES,RESEARCH & DEVELOPMENT,1573,MALE,MANUFACTURING DIRECTOR,5,4855,3
32,NO,RESEARCH & DEVELOPMENT,1574,MALE,RESEARCH SCIENTIST,6,4087,3
48,NO,RESEARCH & DEVELOPMENT,1576,FEMALE,RESEARCH SCIENTIST,8,2367,3
34,NO,RESEARCH & DEVELOPMENT,1577,MALE,RESEARCH SCIENTIST,1,2972,3
55,NO,SALES,1578,MALE,MANAGER,36,19586,4
34,NO,RESEARCH & DEVELOPMENT,1580,MALE,RESEARCH SCIENTIST,2,5484,3
26,NO,RESEARCH & DEVELOPMENT,1581,FEMALE,RESEARCH SCIENTIST,1,2061,4
38,NO,SALES,1582,MALE,SALES EXECUTIVE,9,9924,3
38,NO,SALES,1583,FEMALE,SALES EXECUTIVE,3,4198,3
36,NO,SALES,1585,FEMALE,SALES EXECUTIVE,1,6815,3
29,NO,RESEARCH & DEVELOPMENT,1586,MALE,LABORATORY TECHNICIAN,10,4723,3
35,NO,RESEARCH & DEVELOPMENT,1587,FEMALE,HEALTHCARE REPRESENTATIVE,5,6142,3
39,NO,SALES,1588,MALE,SALES EXECUTIVE,7,8237,3
29,NO,RESEARCH & DEVELOPMENT,1590,MALE,HEALTHCARE REPRESENTATIVE,6,8853,3
50,NO,SALES,1591,MALE,MANAGER,1,19331,3
23,NO,RESEARCH & DEVELOPMENT,1592,MALE,RESEARCH SCIENTIST,2,2073,3
36,NO,RESEARCH & DEVELOPMENT,1594,MALE,LABORATORY TECHNICIAN,3,5562,3
42,NO,RESEARCH & DEVELOPMENT,1595,MALE,MANAGER,1,19613,4
35,NO,RESEARCH & DEVELOPMENT,1596,MALE,LABORATORY TECHNICIAN,10,3407,3
34,NO,RESEARCH & DEVELOPMENT,1597,MALE,HEALTHCARE REPRESENTATIVE,8,5063,3
40,NO,SALES,1598,FEMALE,SALES EXECUTIVE,5,4639,3
43,NO,RESEARCH & DEVELOPMENT,1599,MALE,LABORATORY TECHNICIAN,6,4876,3
35,NO,RESEARCH & DEVELOPMENT,1601,MALE,LABORATORY TECHNICIAN,1,2690,3
46,NO,SALES,1602,MALE,MANAGER,26,17567,3
28,YES,RESEARCH & DEVELOPMENT,1604,MALE,LABORATORY TECHNICIAN,1,2408,3
22,NO,RESEARCH & DEVELOPMENT,1605,FEMALE,RESEARCH SCIENTIST,4,2814,3
50,NO,RESEARCH & DEVELOPMENT,1606,MALE,HEALTHCARE REPRESENTATIVE,30,11245,3
32,NO,RESEARCH & DEVELOPMENT,1607,FEMALE,RESEARCH SCIENTIST,3,3312,3
44,NO,RESEARCH & DEVELOPMENT,1608,FEMALE,RESEARCH DIRECTOR,22,19049,3
30,NO,RESEARCH & DEVELOPMENT,1609,MALE,RESEARCH SCIENTIST,6,2141,3
45,NO,RESEARCH & DEVELOPMENT,1611,FEMALE,LABORATORY TECHNICIAN,10,5769,3
45,NO,SALES,1612,MALE,SALES EXECUTIVE,10,4385,3
31,NO,SALES,1613,MALE,SALES EXECUTIVE,5,5332,3
36,NO,RESEARCH & DEVELOPMENT,1614,FEMALE,MANUFACTURING DIRECTOR,3,4663,3
34,NO,RESEARCH & DEVELOPMENT,1615,MALE,MANUFACTURING DIRECTOR,9,4724,3
49,NO,RESEARCH & DEVELOPMENT,1617,FEMALE,LABORATORY TECHNICIAN,9,3211,3
39,NO,RESEARCH & DEVELOPMENT,1618,MALE,MANUFACTURING DIRECTOR,7,5377,3
27,NO,RESEARCH & DEVELOPMENT,1619,MALE,LABORATORY TECHNICIAN,7,4066,3
35,NO,RESEARCH & DEVELOPMENT,1621,MALE,RESEARCH SCIENTIST,16,5208,3
28,NO,RESEARCH & DEVELOPMENT,1622,FEMALE,MANUFACTURING DIRECTOR,5,4877,4
21,NO,RESEARCH & DEVELOPMENT,1623,MALE,RESEARCH SCIENTIST,2,3117,3
18,YES,SALES,1624,FEMALE,SALES REPRESENTATIVE,0,1569,3
47,NO,HUMAN RESOURCES,1625,FEMALE,MANAGER,5,19658,3
39,NO,RESEARCH & DEVELOPMENT,1627,MALE,LABORATORY TECHNICIAN,10,3069,3
40,NO,RESEARCH & DEVELOPMENT,1628,FEMALE,MANUFACTURING DIRECTOR,18,10435,3
35,NO,RESEARCH & DEVELOPMENT,1630,FEMALE,HEALTHCARE REPRESENTATIVE,14,4148,3
37,NO,RESEARCH & DEVELOPMENT,1631,MALE,MANUFACTURING DIRECTOR,4,5768,3
39,NO,RESEARCH & DEVELOPMENT,1633,FEMALE,MANUFACTURING DIRECTOR,9,5042,3
45,NO,RESEARCH & DEVELOPMENT,1635,FEMALE,MANUFACTURING DIRECTOR,10,5770,3
38,NO,RESEARCH & DEVELOPMENT,1638,FEMALE,MANUFACTURING DIRECTOR,5,7756,3
35,YES,SALES,1639,MALE,SALES EXECUTIVE,13,10306,3
37,NO,RESEARCH & DEVELOPMENT,1640,FEMALE,RESEARCH SCIENTIST,8,3936,3
40,NO,RESEARCH & DEVELOPMENT,1641,FEMALE,MANUFACTURING DIRECTOR,4,7945,3
44,NO,HUMAN RESOURCES,1642,MALE,HUMAN RESOURCES,10,5743,3
48,NO,RESEARCH & DEVELOPMENT,1644,MALE,MANAGER,2,15202,4
35,YES,SALES,1645,MALE,SALES EXECUTIVE,2,5440,3
24,NO,RESEARCH & DEVELOPMENT,1646,FEMALE,RESEARCH SCIENTIST,6,3760,3
27,NO,RESEARCH & DEVELOPMENT,1647,FEMALE,RESEARCH SCIENTIST,3,3517,3
27,NO,RESEARCH & DEVELOPMENT,1648,MALE,RESEARCH SCIENTIST,4,2580,3
40,YES,RESEARCH & DEVELOPMENT,1649,MALE,LABORATORY TECHNICIAN,4,2166,3
29,NO,SALES,1650,MALE,SALES EXECUTIVE,5,5869,3
36,NO,RESEARCH & DEVELOPMENT,1651,FEMALE,HEALTHCARE REPRESENTATIVE,3,8008,3
25,NO,RESEARCH & DEVELOPMENT,1653,MALE,MANUFACTURING DIRECTOR,7,5206,3
39,NO,RESEARCH & DEVELOPMENT,1654,MALE,MANUFACTURING DIRECTOR,5,5295,4
49,NO,RESEARCH & DEVELOPMENT,1655,FEMALE,RESEARCH DIRECTOR,4,16413,3
50,NO,RESEARCH & DEVELOPMENT,1656,FEMALE,RESEARCH DIRECTOR,14,13269,3
20,NO,SALES,1657,FEMALE,SALES REPRESENTATIVE,2,2783,3
34,NO,RESEARCH & DEVELOPMENT,1658,FEMALE,RESEARCH SCIENTIST,11,5433,3
36,NO,RESEARCH & DEVELOPMENT,1659,MALE,LABORATORY TECHNICIAN,4,2013,3
49,NO,RESEARCH & DEVELOPMENT,1661,FEMALE,HEALTHCARE REPRESENTATIVE,15,13966,3
36,NO,RESEARCH & DEVELOPMENT,1662,FEMALE,MANUFACTURING DIRECTOR,3,4374,3
36,NO,RESEARCH & DEVELOPMENT,1664,MALE,HEALTHCARE REPRESENTATIVE,5,6842,4
54,NO,RESEARCH & DEVELOPMENT,1665,FEMALE,MANAGER,10,17426,4
43,NO,RESEARCH & DEVELOPMENT,1666,MALE,RESEARCH DIRECTOR,14,17603,4
35,YES,SALES,1667,MALE,SALES EXECUTIVE,11,4581,4
38,NO,RESEARCH & DEVELOPMENT,1668,MALE,RESEARCH SCIENTIST,13,4735,3
29,NO,SALES,1669,MALE,SALES EXECUTIVE,10,4187,3
33,NO,SALES,1670,MALE,SALES EXECUTIVE,6,5505,3
32,NO,RESEARCH & DEVELOPMENT,1671,MALE,RESEARCH SCIENTIST,9,5470,3
31,NO,SALES,1673,FEMALE,SALES EXECUTIVE,10,5476,3
49,NO,RESEARCH & DEVELOPMENT,1674,FEMALE,LABORATORY TECHNICIAN,2,2587,3
38,NO,RESEARCH & DEVELOPMENT,1675,FEMALE,LABORATORY TECHNICIAN,4,2440,4
47,NO,SALES,1676,FEMALE,MANAGER,3,15972,3
49,NO,RESEARCH & DEVELOPMENT,1677,MALE,MANAGER,8,15379,3
41,NO,SALES,1678,MALE,SALES EXECUTIVE,2,7082,3
20,NO,SALES,1680,MALE,SALES REPRESENTATIVE,2,2728,3
33,NO,SALES,1681,FEMALE,SALES EXECUTIVE,6,5368,4
36,NO,RESEARCH & DEVELOPMENT,1682,MALE,HEALTHCARE REPRESENTATIVE,3,5347,3
44,NO,HUMAN RESOURCES,1683,FEMALE,HUMAN RESOURCES,2,3195,3
23,YES,RESEARCH & DEVELOPMENT,1684,MALE,LABORATORY TECHNICIAN,5,3989,3
38,NO,RESEARCH & DEVELOPMENT,1687,FEMALE,LABORATORY TECHNICIAN,0,3306,3
53,NO,RESEARCH & DEVELOPMENT,1689,MALE,HEALTHCARE REPRESENTATIVE,4,7005,3
48,YES,SALES,1691,FEMALE,SALES REPRESENTATIVE,9,2655,3
32,YES,RESEARCH & DEVELOPMENT,1692,MALE,LABORATORY TECHNICIAN,1,1393,3
26,NO,RESEARCH & DEVELOPMENT,1693,MALE,LABORATORY TECHNICIAN,7,2570,4
55,NO,RESEARCH & DEVELOPMENT,1694,MALE,RESEARCH SCIENTIST,4,3537,3
34,NO,RESEARCH & DEVELOPMENT,1696,MALE,LABORATORY TECHNICIAN,15,3986,3
60,NO,RESEARCH & DEVELOPMENT,1697,MALE,HEALTHCARE REPRESENTATIVE,1,10883,4
33,NO,RESEARCH & DEVELOPMENT,1698,MALE,LABORATORY TECHNICIAN,14,2028,3
37,NO,SALES,1700,MALE,SALES EXECUTIVE,6,9525,3
34,NO,RESEARCH & DEVELOPMENT,1701,FEMALE,RESEARCH SCIENTIST,10,2929,3
23,YES,SALES,1702,MALE,SALES REPRESENTATIVE,3,2275,4
44,NO,RESEARCH & DEVELOPMENT,1703,FEMALE,HEALTHCARE REPRESENTATIVE,8,7879,3
35,NO,RESEARCH & DEVELOPMENT,1704,MALE,RESEARCH SCIENTIST,5,4930,3
43,NO,SALES,1706,MALE,SALES EXECUTIVE,10,7847,3
24,NO,RESEARCH & DEVELOPMENT,1707,MALE,RESEARCH SCIENTIST,5,4401,3
41,NO,SALES,1708,MALE,SALES EXECUTIVE,10,9241,3
29,NO,RESEARCH & DEVELOPMENT,1709,FEMALE,LABORATORY TECHNICIAN,5,2974,3
36,NO,SALES,1710,FEMALE,SALES REPRESENTATIVE,13,4502,3
45,NO,RESEARCH & DEVELOPMENT,1712,MALE,HEALTHCARE REPRESENTATIVE,23,10748,4
24,YES,HUMAN RESOURCES,1714,MALE,HUMAN RESOURCES,1,1555,3
47,YES,SALES,1716,MALE,SALES EXECUTIVE,23,12936,3
26,NO,RESEARCH & DEVELOPMENT,1718,MALE,LABORATORY TECHNICIAN,3,2305,3
45,NO,RESEARCH & DEVELOPMENT,1719,FEMALE,RESEARCH DIRECTOR,21,16704,3
32,NO,RESEARCH & DEVELOPMENT,1720,MALE,RESEARCH SCIENTIST,5,3433,3
31,NO,RESEARCH & DEVELOPMENT,1721,MALE,LABORATORY TECHNICIAN,5,3477,3
41,NO,HUMAN RESOURCES,1722,MALE,HUMAN RESOURCES,3,6430,3
40,NO,RESEARCH & DEVELOPMENT,1724,FEMALE,MANUFACTURING DIRECTOR,1,6516,3
24,NO,RESEARCH & DEVELOPMENT,1725,MALE,LABORATORY TECHNICIAN,6,3907,3
46,NO,RESEARCH & DEVELOPMENT,1727,MALE,HEALTHCARE REPRESENTATIVE,10,5562,3
35,NO,RESEARCH & DEVELOPMENT,1728,MALE,MANUFACTURING DIRECTOR,7,6883,3
30,NO,RESEARCH & DEVELOPMENT,1729,MALE,RESEARCH SCIENTIST,10,2862,3
47,NO,SALES,1731,MALE,SALES EXECUTIVE,1,4978,3
46,NO,SALES,1732,MALE,SALES EXECUTIVE,10,10368,3
36,YES,SALES,1733,MALE,SALES EXECUTIVE,2,6134,3
32,YES,SALES,1734,MALE,SALES EXECUTIVE,0,6735,3
23,NO,RESEARCH & DEVELOPMENT,1735,FEMALE,LABORATORY TECHNICIAN,3,3295,3
31,NO,RESEARCH & DEVELOPMENT,1736,FEMALE,MANUFACTURING DIRECTOR,5,5238,4
39,NO,RESEARCH & DEVELOPMENT,1737,MALE,LABORATORY TECHNICIAN,9,6472,3
32,NO,SALES,1739,MALE,SALES EXECUTIVE,4,9610,3
40,NO,SALES,1740,MALE,MANAGER,21,19833,3
45,NO,HUMAN RESOURCES,1744,FEMALE,HUMAN RESOURCES,5,9756,4
30,NO,RESEARCH & DEVELOPMENT,1745,FEMALE,RESEARCH SCIENTIST,9,4968,3
24,NO,HUMAN RESOURCES,1746,MALE,HUMAN RESOURCES,2,2145,3
30,YES,HUMAN RESOURCES,1747,FEMALE,HUMAN RESOURCES,4,2180,3
31,NO,SALES,1749,MALE,SALES EXECUTIVE,5,8346,3
27,NO,RESEARCH & DEVELOPMENT,1751,FEMALE,RESEARCH SCIENTIST,6,3445,3
29,YES,SALES,1752,FEMALE,SALES REPRESENTATIVE,2,2760,3
29,NO,RESEARCH & DEVELOPMENT,1753,MALE,HEALTHCARE REPRESENTATIVE,3,6294,3
30,NO,SALES,1754,MALE,SALES EXECUTIVE,7,7140,3
34,NO,RESEARCH & DEVELOPMENT,1755,MALE,RESEARCH SCIENTIST,5,2932,3
33,NO,SALES,1756,FEMALE,SALES EXECUTIVE,11,5147,3
49,NO,SALES,1757,FEMALE,SALES EXECUTIVE,5,4507,3
33,YES,SALES,1758,FEMALE,SALES EXECUTIVE,0,8564,4
38,NO,RESEARCH & DEVELOPMENT,1760,FEMALE,LABORATORY TECHNICIAN,6,2468,3
31,YES,SALES,1761,MALE,SALES EXECUTIVE,1,8161,3
29,NO,RESEARCH & DEVELOPMENT,1762,FEMALE,RESEARCH SCIENTIST,1,2109,3
30,NO,RESEARCH & DEVELOPMENT,1763,MALE,HEALTHCARE REPRESENTATIVE,7,5294,3
32,NO,RESEARCH & DEVELOPMENT,1764,MALE,RESEARCH SCIENTIST,7,2718,3
38,NO,RESEARCH & DEVELOPMENT,1766,MALE,HEALTHCARE REPRESENTATIVE,1,5811,3
43,YES,RESEARCH & DEVELOPMENT,1767,MALE,RESEARCH SCIENTIST,1,2437,3
42,NO,RESEARCH & DEVELOPMENT,1768,MALE,LABORATORY TECHNICIAN,5,2766,4
55,NO,RESEARCH & DEVELOPMENT,1770,MALE,RESEARCH DIRECTOR,1,19038,3
33,NO,RESEARCH & DEVELOPMENT,1771,MALE,RESEARCH SCIENTIST,9,3055,3
41,NO,RESEARCH & DEVELOPMENT,1772,MALE,LABORATORY TECHNICIAN,5,2289,4
34,NO,SALES,1774,MALE,SALES EXECUTIVE,15,4001,3
53,NO,RESEARCH & DEVELOPMENT,1775,FEMALE,MANUFACTURING DIRECTOR,3,12965,4
43,NO,HUMAN RESOURCES,1778,MALE,HUMAN RESOURCES,9,3539,3
34,NO,SALES,1779,FEMALE,SALES EXECUTIVE,2,6029,3
21,YES,SALES,1780,MALE,SALES REPRESENTATIVE,1,2679,3
38,NO,RESEARCH & DEVELOPMENT,1782,FEMALE,LABORATORY TECHNICIAN,5,3702,3
22,YES,RESEARCH & DEVELOPMENT,1783,FEMALE,LABORATORY TECHNICIAN,1,2398,3
31,NO,SALES,1784,FEMALE,SALES EXECUTIVE,12,5468,3
51,NO,RESEARCH & DEVELOPMENT,1786,FEMALE,MANAGER,2,13116,3
37,NO,SALES,1787,MALE,SALES EXECUTIVE,5,4189,3
46,NO,RESEARCH & DEVELOPMENT,1789,MALE,RESEARCH DIRECTOR,2,19328,3
36,NO,RESEARCH & DEVELOPMENT,1790,MALE,HEALTHCARE REPRESENTATIVE,12,8321,3
44,YES,RESEARCH & DEVELOPMENT,1792,MALE,RESEARCH SCIENTIST,5,2342,3
37,NO,HUMAN RESOURCES,1794,MALE,HUMAN RESOURCES,10,4071,3
35,YES,SALES,1797,MALE,SALES EXECUTIVE,10,5813,3
33,NO,RESEARCH & DEVELOPMENT,1798,MALE,RESEARCH SCIENTIST,10,3143,3
28,NO,RESEARCH & DEVELOPMENT,1799,MALE,RESEARCH SCIENTIST,5,2044,3
39,NO,RESEARCH & DEVELOPMENT,1800,MALE,RESEARCH DIRECTOR,4,13464,4
46,NO,SALES,1801,MALE,SALES EXECUTIVE,2,7991,3
40,NO,RESEARCH & DEVELOPMENT,1802,FEMALE,LABORATORY TECHNICIAN,4,3377,3
42,NO,RESEARCH & DEVELOPMENT,1803,MALE,HEALTHCARE REPRESENTATIVE,0,5538,3
35,NO,RESEARCH & DEVELOPMENT,1804,MALE,MANUFACTURING DIRECTOR,7,5762,3
38,NO,HUMAN RESOURCES,1805,MALE,HUMAN RESOURCES,11,2592,3
34,YES,RESEARCH & DEVELOPMENT,1807,MALE,LABORATORY TECHNICIAN,7,5346,3
37,YES,RESEARCH & DEVELOPMENT,1809,MALE,MANUFACTURING DIRECTOR,10,4213,3
39,NO,SALES,1812,MALE,SALES EXECUTIVE,2,4127,3
43,NO,RESEARCH & DEVELOPMENT,1813,MALE,RESEARCH SCIENTIST,3,2438,3
41,NO,RESEARCH & DEVELOPMENT,1814,MALE,HEALTHCARE REPRESENTATIVE,3,6870,3
41,NO,SALES,1815,FEMALE,SALES EXECUTIVE,22,10447,3
30,NO,RESEARCH & DEVELOPMENT,1816,FEMALE,MANUFACTURING DIRECTOR,7,9667,3
26,YES,HUMAN RESOURCES,1818,FEMALE,HUMAN RESOURCES,5,2148,3
46,YES,RESEARCH & DEVELOPMENT,1821,FEMALE,HEALTHCARE REPRESENTATIVE,9,8926,4
40,NO,RESEARCH & DEVELOPMENT,1822,FEMALE,HEALTHCARE REPRESENTATIVE,5,6513,3
34,NO,SALES,1823,MALE,SALES EXECUTIVE,10,6799,4
58,NO,SALES,1824,MALE,MANAGER,16,16291,4
35,NO,RESEARCH & DEVELOPMENT,1826,MALE,LABORATORY TECHNICIAN,5,2705,3
47,NO,RESEARCH & DEVELOPMENT,1827,FEMALE,MANUFACTURING DIRECTOR,22,10333,3
40,NO,RESEARCH & DEVELOPMENT,1829,FEMALE,HEALTHCARE REPRESENTATIVE,7,4448,3
54,NO,RESEARCH & DEVELOPMENT,1830,FEMALE,RESEARCH SCIENTIST,7,6854,3
31,NO,SALES,1833,FEMALE,SALES EXECUTIVE,3,9637,3
28,NO,RESEARCH & DEVELOPMENT,1834,FEMALE,RESEARCH SCIENTIST,3,3591,4
38,NO,SALES,1835,FEMALE,SALES REPRESENTATIVE,4,5405,4
26,NO,SALES,1836,MALE,SALES EXECUTIVE,5,4684,3
58,NO,RESEARCH & DEVELOPMENT,1837,MALE,RESEARCH DIRECTOR,2,15787,3
18,NO,RESEARCH & DEVELOPMENT,1839,FEMALE,RESEARCH SCIENTIST,0,1514,3
31,YES,HUMAN RESOURCES,1842,MALE,HUMAN RESOURCES,1,2956,3
29,YES,HUMAN RESOURCES,1844,MALE,HUMAN RESOURCES,2,2335,3
45,NO,SALES,1845,FEMALE,SALES EXECUTIVE,8,5154,4
36,NO,RESEARCH & DEVELOPMENT,1847,FEMALE,RESEARCH SCIENTIST,1,6962,4
43,NO,SALES,1849,MALE,SALES EXECUTIVE,7,5675,4
27,NO,RESEARCH & DEVELOPMENT,1850,FEMALE,LABORATORY TECHNICIAN,5,2379,3
29,NO,RESEARCH & DEVELOPMENT,1852,MALE,LABORATORY TECHNICIAN,11,3812,3
32,NO,SALES,1853,MALE,SALES EXECUTIVE,0,4648,3
42,NO,RESEARCH & DEVELOPMENT,1854,MALE,RESEARCH SCIENTIST,6,2936,4
47,NO,RESEARCH & DEVELOPMENT,1856,FEMALE,LABORATORY TECHNICIAN,2,2105,3
46,NO,RESEARCH & DEVELOPMENT,1857,MALE,MANUFACTURING DIRECTOR,9,8578,3
28,NO,HUMAN RESOURCES,1858,MALE,HUMAN RESOURCES,3,2706,3
29,NO,RESEARCH & DEVELOPMENT,1859,MALE,HEALTHCARE REPRESENTATIVE,7,6384,3
42,NO,RESEARCH & DEVELOPMENT,1860,MALE,LABORATORY TECHNICIAN,0,3968,3
32,YES,SALES,1862,MALE,SALES EXECUTIVE,2,9907,3
46,NO,SALES,1863,FEMALE,SALES EXECUTIVE,19,13225,3
27,NO,SALES,1864,FEMALE,SALES REPRESENTATIVE,9,3540,4
29,NO,HUMAN RESOURCES,1865,MALE,HUMAN RESOURCES,1,2804,3
43,NO,RESEARCH & DEVELOPMENT,1866,FEMALE,MANAGER,16,19392,3
48,NO,RESEARCH & DEVELOPMENT,1867,MALE,RESEARCH DIRECTOR,22,19665,3
29,YES,RESEARCH & DEVELOPMENT,1868,MALE,RESEARCH SCIENTIST,1,2439,4
46,YES,SALES,1869,FEMALE,SALES EXECUTIVE,8,7314,4
27,NO,RESEARCH & DEVELOPMENT,1870,FEMALE,RESEARCH SCIENTIST,7,4774,3
39,NO,RESEARCH & DEVELOPMENT,1871,MALE,RESEARCH SCIENTIST,2,3902,3
55,NO,RESEARCH & DEVELOPMENT,1873,MALE,RESEARCH SCIENTIST,5,2662,4
28,NO,SALES,1875,FEMALE,SALES REPRESENTATIVE,1,2856,3
30,YES,SALES,1876,MALE,SALES REPRESENTATIVE,1,1081,3
22,YES,RESEARCH & DEVELOPMENT,1878,MALE,RESEARCH SCIENTIST,1,2472,4
36,NO,SALES,1880,FEMALE,SALES EXECUTIVE,10,5673,3
31,NO,RESEARCH & DEVELOPMENT,1881,MALE,LABORATORY TECHNICIAN,10,4197,3
34,NO,SALES,1882,MALE,SALES EXECUTIVE,5,9713,3
29,NO,RESEARCH & DEVELOPMENT,1883,MALE,LABORATORY TECHNICIAN,3,2062,3
37,NO,RESEARCH & DEVELOPMENT,1885,MALE,RESEARCH SCIENTIST,5,4284,4
35,NO,RESEARCH & DEVELOPMENT,1886,FEMALE,MANUFACTURING DIRECTOR,3,4788,3
45,NO,RESEARCH & DEVELOPMENT,1888,FEMALE,MANUFACTURING DIRECTOR,9,5906,3
36,NO,HUMAN RESOURCES,1890,MALE,HUMAN RESOURCES,10,3886,4
40,NO,RESEARCH & DEVELOPMENT,1892,MALE,MANAGER,19,16823,3
26,NO,RESEARCH & DEVELOPMENT,1893,FEMALE,RESEARCH SCIENTIST,1,2933,3
27,NO,SALES,1898,FEMALE,SALES EXECUTIVE,8,6500,3
48,NO,RESEARCH & DEVELOPMENT,1900,FEMALE,MANAGER,22,17174,3
44,NO,RESEARCH & DEVELOPMENT,1903,MALE,HEALTHCARE REPRESENTATIVE,2,5033,3
34,YES,RESEARCH & DEVELOPMENT,1905,MALE,RESEARCH SCIENTIST,5,2307,4
56,YES,RESEARCH & DEVELOPMENT,1907,MALE,LABORATORY TECHNICIAN,4,2587,3
36,NO,SALES,1908,MALE,SALES EXECUTIVE,4,5507,3
41,NO,SALES,1909,FEMALE,SALES EXECUTIVE,5,4393,4
42,NO,RESEARCH & DEVELOPMENT,1911,MALE,RESEARCH DIRECTOR,13,13348,3
31,NO,SALES,1912,FEMALE,SALES EXECUTIVE,5,6583,3
34,NO,SALES,1915,FEMALE,SALES EXECUTIVE,4,8103,3
31,NO,RESEARCH & DEVELOPMENT,1916,FEMALE,LABORATORY TECHNICIAN,2,3978,3
26,NO,RESEARCH & DEVELOPMENT,1918,MALE,LABORATORY TECHNICIAN,7,2544,3
45,NO,RESEARCH & DEVELOPMENT,1922,MALE,HEALTHCARE REPRESENTATIVE,4,5399,3
33,NO,SALES,1924,MALE,SALES EXECUTIVE,10,5487,3
28,NO,SALES,1927,MALE,SALES EXECUTIVE,7,6834,3
29,YES,SALES,1928,MALE,SALES REPRESENTATIVE,1,1091,3
39,NO,SALES,1929,FEMALE,SALES EXECUTIVE,3,5736,3
27,NO,RESEARCH & DEVELOPMENT,1931,MALE,RESEARCH SCIENTIST,5,2226,3
34,NO,RESEARCH & DEVELOPMENT,1932,MALE,RESEARCH SCIENTIST,15,5747,3
28,YES,SALES,1933,FEMALE,SALES EXECUTIVE,2,9854,3
47,NO,RESEARCH & DEVELOPMENT,1934,MALE,RESEARCH SCIENTIST,8,5467,3
56,NO,SALES,1935,FEMALE,SALES EXECUTIVE,0,5380,3
39,NO,RESEARCH & DEVELOPMENT,1936,MALE,MANUFACTURING DIRECTOR,10,5151,4
38,NO,RESEARCH & DEVELOPMENT,1937,FEMALE,RESEARCH SCIENTIST,20,2133,3
58,NO,SALES,1938,FEMALE,MANAGER,1,17875,3
32,YES,RESEARCH & DEVELOPMENT,1939,FEMALE,RESEARCH SCIENTIST,4,2432,3
38,NO,RESEARCH & DEVELOPMENT,1940,MALE,RESEARCH SCIENTIST,5,4771,3
49,NO,RESEARCH & DEVELOPMENT,1941,MALE,RESEARCH DIRECTOR,5,19161,3
42,NO,SALES,1943,MALE,SALES EXECUTIVE,0,5087,3
27,YES,HUMAN RESOURCES,1944,FEMALE,HUMAN RESOURCES,1,2863,3
35,NO,SALES,1945,MALE,SALES EXECUTIVE,5,5561,3
28,NO,RESEARCH & DEVELOPMENT,1947,MALE,RESEARCH SCIENTIST,5,2144,3
31,NO,RESEARCH & DEVELOPMENT,1948,MALE,RESEARCH SCIENTIST,4,3065,3
36,NO,RESEARCH & DEVELOPMENT,1949,MALE,LABORATORY TECHNICIAN,5,2810,4
34,NO,SALES,1950,MALE,SALES EXECUTIVE,14,9888,4
34,NO,SALES,1951,MALE,SALES EXECUTIVE,8,8628,3
26,NO,RESEARCH & DEVELOPMENT,1952,MALE,LABORATORY TECHNICIAN,7,2867,3
29,NO,RESEARCH & DEVELOPMENT,1954,MALE,HEALTHCARE REPRESENTATIVE,5,5373,3
32,NO,RESEARCH & DEVELOPMENT,1955,FEMALE,HEALTHCARE REPRESENTATIVE,5,6667,3
31,NO,RESEARCH & DEVELOPMENT,1956,MALE,RESEARCH SCIENTIST,10,5003,4
28,YES,RESEARCH & DEVELOPMENT,1960,MALE,LABORATORY TECHNICIAN,4,2367,3
38,NO,SALES,1961,MALE,SALES REPRESENTATIVE,1,2858,3
35,NO,SALES,1962,FEMALE,SALES EXECUTIVE,10,5204,3
27,NO,SALES,1965,MALE,SALES EXECUTIVE,7,4105,3
32,NO,RESEARCH & DEVELOPMENT,1966,MALE,MANUFACTURING DIRECTOR,1,9679,4
31,YES,SALES,1967,MALE,SALES EXECUTIVE,10,5617,3
53,YES,SALES,1968,MALE,SALES EXECUTIVE,2,10448,3
54,NO,RESEARCH & DEVELOPMENT,1969,FEMALE,RESEARCH SCIENTIST,4,2897,3
33,NO,RESEARCH & DEVELOPMENT,1970,MALE,HEALTHCARE REPRESENTATIVE,9,5968,4
43,NO,RESEARCH & DEVELOPMENT,1971,MALE,HEALTHCARE REPRESENTATIVE,10,7510,3
38,NO,HUMAN RESOURCES,1972,MALE,HUMAN RESOURCES,6,2991,3
55,NO,HUMAN RESOURCES,1973,MALE,MANAGER,10,19636,3
31,NO,RESEARCH & DEVELOPMENT,1974,FEMALE,LABORATORY TECHNICIAN,1,1129,3
39,NO,SALES,1975,MALE,SALES EXECUTIVE,20,13341,3
42,NO,RESEARCH & DEVELOPMENT,1976,MALE,RESEARCH SCIENTIST,20,4332,3
31,NO,RESEARCH & DEVELOPMENT,1979,FEMALE,RESEARCH DIRECTOR,11,11031,4
54,NO,RESEARCH & DEVELOPMENT,1980,FEMALE,MANUFACTURING DIRECTOR,5,4440,3
24,NO,RESEARCH & DEVELOPMENT,1981,MALE,HEALTHCARE REPRESENTATIVE,4,4617,3
23,NO,RESEARCH & DEVELOPMENT,1982,MALE,LABORATORY TECHNICIAN,5,2647,3
40,NO,RESEARCH & DEVELOPMENT,1985,FEMALE,LABORATORY TECHNICIAN,10,6323,3
40,NO,SALES,1986,FEMALE,SALES EXECUTIVE,11,5677,3
25,NO,HUMAN RESOURCES,1987,FEMALE,HUMAN RESOURCES,2,2187,3
30,NO,RESEARCH & DEVELOPMENT,1989,MALE,LABORATORY TECHNICIAN,12,3748,3
25,NO,RESEARCH & DEVELOPMENT,1992,MALE,LABORATORY TECHNICIAN,2,3977,3
47,NO,RESEARCH & DEVELOPMENT,1993,MALE,HEALTHCARE REPRESENTATIVE,17,8633,4
33,NO,RESEARCH & DEVELOPMENT,1994,MALE,LABORATORY TECHNICIAN,1,2008,3
38,NO,SALES,1995,MALE,SALES EXECUTIVE,15,4440,3
31,NO,SALES,1996,MALE,SALES REPRESENTATIVE,2,3067,3
38,NO,RESEARCH & DEVELOPMENT,1997,MALE,MANUFACTURING DIRECTOR,8,5321,3
42,NO,RESEARCH & DEVELOPMENT,1998,MALE,RESEARCH SCIENTIST,4,5410,3
41,NO,RESEARCH & DEVELOPMENT,1999,MALE,RESEARCH SCIENTIST,5,2782,4
47,NO,RESEARCH & DEVELOPMENT,2000,FEMALE,RESEARCH DIRECTOR,13,11957,3
35,NO,RESEARCH & DEVELOPMENT,2003,MALE,LABORATORY TECHNICIAN,2,2660,3
22,NO,RESEARCH & DEVELOPMENT,2007,MALE,RESEARCH SCIENTIST,3,3375,3
35,NO,RESEARCH & DEVELOPMENT,2008,MALE,RESEARCH SCIENTIST,10,5098,3
33,NO,RESEARCH & DEVELOPMENT,2009,FEMALE,HEALTHCARE REPRESENTATIVE,9,4878,3
32,NO,RESEARCH & DEVELOPMENT,2010,FEMALE,LABORATORY TECHNICIAN,6,2837,3
40,NO,RESEARCH & DEVELOPMENT,2012,MALE,LABORATORY TECHNICIAN,1,2406,3
32,NO,SALES,2013,MALE,SALES REPRESENTATIVE,2,2269,3
39,NO,RESEARCH & DEVELOPMENT,2014,MALE,RESEARCH SCIENTIST,7,4108,3
38,NO,RESEARCH & DEVELOPMENT,2015,FEMALE,RESEARCH DIRECTOR,18,13206,3
32,NO,SALES,2016,FEMALE,SALES EXECUTIVE,14,10422,3
37,NO,RESEARCH & DEVELOPMENT,2017,FEMALE,RESEARCH DIRECTOR,16,13744,4
25,NO,SALES,2018,FEMALE,SALES EXECUTIVE,5,4907,4
52,NO,SALES,2019,MALE,SALES REPRESENTATIVE,9,3482,3
44,NO,RESEARCH & DEVELOPMENT,2020,MALE,RESEARCH SCIENTIST,4,2436,3
21,NO,SALES,2021,MALE,SALES REPRESENTATIVE,2,2380,3
39,NO,RESEARCH & DEVELOPMENT,2022,MALE,MANAGER,6,19431,3
23,YES,SALES,2023,MALE,SALES REPRESENTATIVE,1,1790,3
36,NO,SALES,2024,FEMALE,SALES EXECUTIVE,9,7644,3
36,NO,RESEARCH & DEVELOPMENT,2025,FEMALE,MANUFACTURING DIRECTOR,4,5131,3
56,NO,RESEARCH & DEVELOPMENT,2026,MALE,HEALTHCARE REPRESENTATIVE,13,6306,4
29,YES,RESEARCH & DEVELOPMENT,2027,MALE,RESEARCH SCIENTIST,2,4787,3
42,NO,RESEARCH & DEVELOPMENT,2031,MALE,MANAGER,22,18880,3
56,YES,RESEARCH & DEVELOPMENT,2032,MALE,LABORATORY TECHNICIAN,10,2339,3
41,NO,RESEARCH & DEVELOPMENT,2034,FEMALE,MANUFACTURING DIRECTOR,20,13570,4
34,NO,SALES,2035,FEMALE,SALES EXECUTIVE,8,6712,4
36,NO,SALES,2036,MALE,SALES EXECUTIVE,15,5406,4
41,NO,SALES,2037,MALE,SALES EXECUTIVE,5,8938,3
32,NO,RESEARCH & DEVELOPMENT,2038,MALE,RESEARCH SCIENTIST,4,2439,3
35,NO,HUMAN RESOURCES,2040,FEMALE,HUMAN RESOURCES,9,8837,3
38,NO,SALES,2041,FEMALE,SALES EXECUTIVE,10,5343,3
50,YES,SALES,2044,MALE,SALES EXECUTIVE,6,6728,3
36,NO,SALES,2045,FEMALE,SALES EXECUTIVE,6,6652,3
45,NO,SALES,2046,FEMALE,SALES EXECUTIVE,5,4850,3
40,NO,RESEARCH & DEVELOPMENT,2048,MALE,RESEARCH SCIENTIST,2,2809,3
35,NO,RESEARCH & DEVELOPMENT,2049,MALE,HEALTHCARE REPRESENTATIVE,10,5689,3
40,NO,RESEARCH & DEVELOPMENT,2051,FEMALE,RESEARCH SCIENTIST,5,2001,3
35,NO,RESEARCH & DEVELOPMENT,2052,FEMALE,RESEARCH SCIENTIST,4,2977,3
29,NO,RESEARCH & DEVELOPMENT,2053,MALE,LABORATORY TECHNICIAN,4,4025,3
29,NO,RESEARCH & DEVELOPMENT,2054,FEMALE,RESEARCH SCIENTIST,5,3785,3
50,YES,SALES,2055,MALE,SALES EXECUTIVE,3,10854,3
39,NO,SALES,2056,FEMALE,SALES EXECUTIVE,20,12031,3
31,NO,RESEARCH & DEVELOPMENT,2057,MALE,MANUFACTURING DIRECTOR,9,9936,3
26,NO,SALES,2060,FEMALE,SALES REPRESENTATIVE,4,2966,3
36,NO,RESEARCH & DEVELOPMENT,2061,MALE,LABORATORY TECHNICIAN,5,2571,3
39,NO,RESEARCH & DEVELOPMENT,2062,MALE,HEALTHCARE REPRESENTATIVE,7,9991,3
27,NO,RESEARCH & DEVELOPMENT,2064,MALE,MANUFACTURING DIRECTOR,6,6142,4
49,NO,SALES,2065,MALE,SALES EXECUTIVE,9,5390,3
34,NO,RESEARCH & DEVELOPMENT,2068,MALE,LABORATORY TECHNICIAN,4,4404,3
